,single_hamming_L1:o,single_hamming_L2:o,single_hamming_L3:o,average_hamming_L1:o,average_hamming_L2:o,average_hamming_L3:o,average_hamming_L4:o,complete_hamming_L1:o,complete_hamming_L2:o,complete_hamming_L3:o,centroid_hamming_L1:o,centroid_hamming_L2:o,centroid_hamming_L3:o,centroid_hamming_L4:o,median_hamming_L1:o,median_hamming_L2:o,median_hamming_L3:o,ward_hamming_L1:o,ward_hamming_L2:o,ward_hamming_L3:o,single_jaccard_L1:o,single_jaccard_L2:o,average_jaccard_L1:o,average_jaccard_L2:o,complete_jaccard_L1:o,complete_jaccard_L2:o,centroid_jaccard_L1:o,centroid_jaccard_L2:o,median_jaccard_L1:o,median_jaccard_L2:o,ward_jaccard_L0:o,ward_jaccard_L1:o,single_euclidean_L1:o,single_euclidean_L2:o,single_euclidean_L3:o,average_euclidean_L1:o,average_euclidean_L2:o,average_euclidean_L3:o,average_euclidean_L4:o,complete_euclidean_L1:o,complete_euclidean_L2:o,complete_euclidean_L3:o,centroid_euclidean_L1:o,centroid_euclidean_L2:o,centroid_euclidean_L3:o,median_euclidean_L1:o,median_euclidean_L2:o,median_euclidean_L3:o,median_euclidean_L4:o,ward_euclidean_L1:o,ward_euclidean_L2:o
Reference,1,1.1,,1,1.1,1.1.2,,1,1.2,,1,1.2,,,1,1.2,1.2.2,1,1.1,,,,,,,,,,,,,,1,1.1,,1,1.1,,,1,1.2,,1,1.2,,1,1.2,,,,
SAL_BA1710AA_AS,1,,,1,,,,1,1.1,,1,,,,1,,,1,,,,,,,1,,,,,,,,1,,,1,,,,1,1.1,,1,,,1,,,,1,
SAL_BA2742AA_AS,1,,,1,,,,1,,,1,,,,1,,,1,,,,,,,2,,,,,,,,1,,,1,,,,1,,,1,,,1,,,,2,
SAL_BA2797AA_AS,1,,,1,,,,1,,,1,,,,1,,,1,1.2,,,,,,,,,,2,,3,,1,,,1,,,,1,,,1,,,1,,,,,
SAL_BA2887AA_AS,1,,,1,,,,1,,,1,,,,1,,,1,,,,,,,,,,,,,,,1,,,1,,,,1,,,1,,,1,,,,,
SAL_BA2898AA_AS,1,1.4,,1,,,,1,1.1,1.1.1,1,,,,1,1.7,,1,,,,,5,,1,1.4,,,,,4,,1,1.4,,1,,,,1,1.1,1.1.1,1,,,1,,,,1,1.1
SAL_BA2984AA_AS,1,,,1,,,,1,,,1,,,,1,,,1,1.3,,,,,,,,,,,,,14,1,,,1,,,,1,,,1,,,1,,,,4,
SAL_BA3053AA_AS,1,1.7,,1,1.8,,,1,1.8,,1,,,,1,1.13,,1,,,,,9,,2,2.1,,,13,,24,,1,1.7,,1,,,,1,1.8,,1,1.8,,1,1.11,,,2,2.1
SAL_BA3094AA_AS,1,1.11,,1,,,,1,1.4,,1,1.1,,,1,1.1,,1,,,1,1.1,1,,3,,1,,1,1.1,2,,1,1.11,,1,,,,1,1.4,,1,1.1,,1,1.1,,,3,3.3
SAL_BA3103AA_AS,1,,,1,,,,1,,,1,,,,1,,,1,,,,,,,2,,,,,,,,1,,,1,,,,1,,,1,,,1,,,,2,
SAL_BA3116AA_AS,1,,,1,,,,1,,,1,,,,1,,,1,1.2,,,,,,,,,,2,,3,,1,,,1,,,,1,,,1,,,1,,,,,
SAL_BA3144AA_AS,1,,,1,,,,1,1.10,,1,,,,1,,,1,,,,,14,,,,,,,,,29,1,,,1,,,,1,1.10,,1,,,1,,,,,
SAL_BA3282AA_AS,1,1.4,,1,,,,1,1.1,1.1.1,1,,,,1,1.7,,1,,,,,5,,1,1.4,,,,,4,,1,1.4,,1,,,,1,1.1,1.1.1,1,,,1,,,,1,1.1
SAL_BA3321AA_AS,1,,,1,,,,1,1.1,,1,,,,1,,,1,,,,,,,1,,,,,,7,,1,,,1,,,,1,1.1,,1,,,1,1.3,,,1,
SAL_BA3402AA_AS,1,,,1,1.7,,,1,,,1,1.1,,,1,1.1,,1,,,7,,,,,,1,,1,,2,,1,,,1,1.9,,,1,,,1,1.1,,1,1.1,,,3,
SAL_BA3418AA_AS,1,,,1,,,,1,,,1,,,,1,,,1,,,,,,,,,,,,,1,,1,,,1,,,,1,,,1,,,1,,,,,
SAL_BA3473AA_AS,1,,,1,,,,1,,,1,,,,1,,,1,1.2,,,,,,,,,,2,,3,,1,,,1,,,,1,,,1,,,1,,,,,
SAL_BA3500AA_AS,1,1.12,,1,,,,1,,,1,,,,1,,,1,,,,,,,,,,,,,1,,1,1.12,,1,,,,1,,,1,,,1,,,,,
SAL_BA3601AA_AS,1,,,1,1.9,,,1,,,1,1.7,,,1,1.15,,1,,,,,13,,,,,,1,,,,1,,,1,1.10,,,1,,,1,1.11,,1,1.1,,,,
SAL_BA3655AA_AS,1,,,1,,,,1,,,1,,,,1,,,1,,,,,,,,,,,,,,,1,,,1,,,,1,,,1,,,1,,,,,
SAL_BA3705AA_AS,1,,,1,,,,1,,,1,,,,1,,,1,,,,,,,,,,,,,6,,1,,,1,,,,1,,,1,,,1,,,,,
SAL_BA3732AA_AS,1,,,1,1.3,,,1,,,1,1.1,1.1.1,,1,1.1,,1,,,1,,1,1.1,3,,1,1.1,1,,2,,1,,,1,1.3,,,1,,,1,1.1,,1,1.1,,,3,
SAL_BA3988AA_AS,1,,,1,,,,1,,,1,,,,1,,,1,1.2,,,,,,,,,,2,,3,,1,,,1,,,,1,,,1,,,1,,,,,
SAL_BA4039AA_AS,1,,,1,,,,1,,,1,,,,1,,,1,,,,,,,,,,,,,1,,1,,,1,,,,1,,,1,,,1,,,,,
SAL_BA4112AA_AS,1,,,1,,,,1,,,1,,,,1,,,1,,,,,,,2,,,,,,,,1,,,1,,,,1,,,1,,,1,,,,2,
SAL_BA4270AA_AS,1,,,1,,,,1,,,1,,,,1,,,1,,,,,,,2,,,,,,,,1,,,1,,,,1,,,1,,,1,,,,2,
SAL_BA4327AA_AS,1,,,1,,,,1,,,1,,,,1,,,1,,,,,,,2,,,,,,,,1,,,1,,,,1,,,1,,,1,,,,2,
SAL_BA4606AA_AS,1,,,1,,,,1,,,1,,,,1,,,1,,,,,,,,,,,,,,,1,,,1,,,,1,,,1,,,1,,,,,
SAL_BA4609AA_AS,1,,,1,,,,1,,,1,,,,1,,,1,,,,,,,2,,,,,,,,1,,,1,,,,1,,,1,,,1,,,,2,
SAL_BA4620AA_AS,1,1.1,,1,1.1,1.1.1,,1,1.2,,1,1.2,1.2.1,,1,1.2,,1,1.1,,,,,,,,8,,6,,19,,1,1.1,,1,1.1,1.1.1,,1,1.2,,1,1.2,,1,1.2,1.2.1,,,
SAL_BA4972AA_AS,1,,,1,1.6,,,1,1.5,,1,,,,1,1.9,,1,,,,,,,8,,,,,,16,,1,,,1,1.7,,,1,1.5,,1,1.6,,1,1.10,,,,
SAL_BA5029AA_AS,1,,,1,,,,1,1.1,1.1.2,1,,,,1,,,1,1.10,,,,,,1,,,,,,7,,1,,,1,,,,1,1.1,1.1.2,1,,,1,1.3,,,1,
SAL_BA5145AA_AS,1,,,1,,,,1,1.7,,1,1.1,1.1.2,,1,1.1,,1,1.11,,1,,1,,3,3.1,1,1.2,1,,2,2.1,1,,,1,,,,1,1.7,,1,1.1,1.1.1,1,1.1,,,3,3.1
SAL_BA5384AA_AS,1,1.1,,1,1.1,1.1.1,,1,1.2,,1,1.2,1.2.1,,1,1.2,,1,1.1,,,,,,,,8,,6,,19,,1,1.1,,1,1.1,1.1.1,,1,1.2,,1,1.2,,1,1.2,1.2.1,,,
SAL_BA5394AA_AS,1,,,1,,,,1,,,1,,,,1,,,1,1.2,,,,,,,,,,2,,3,,1,,,1,,,,1,,,1,,,1,,,,,
SAL_BA5554AA_AS,1,,,1,,,,1,,,1,,,,1,,,1,,,,,,,,,,,,,1,,1,,,1,,,,1,,,1,,,1,,,,,
SAL_BA5639AA_AS,1,,,1,1.11,,,1,1.4,,1,1.1,,,1,1.1,,1,,,1,,1,1.2,3,3.2,1,,1,1.1,2,,1,,,1,1.14,,,1,1.4,,1,1.1,,1,1.1,,,3,
SAL_BA5695AA_AS,1,,,1,,,,1,,,1,,,,1,,,1,1.9,,,,,,5,,2,,,,10,,1,,,1,,,,1,,,1,,,1,,,,5,
SAL_BA5699AA_AS,1,1.5,1.5.1,1,1.5,,,1,1.13,,1,1.4,1.4.1,,1,1.8,1.8.1,1,1.7,1.7.1,,,6,6.1,,,6,6.1,4,,15,15.1,1,1.5,1.5.1,1,1.6,1.6.1,,1,1.13,,1,1.5,1.5.1,1,1.8,1.8.1,,7,7.1
SAL_BA5727AA_AS,1,,,1,,,,1,,,1,,,,1,,,1,,,,,,,,,,,,,6,,1,,,1,,,,1,,,1,,,1,,,,,
SAL_BA5795AA_AS,1,,,1,,,,1,,,1,,,,1,,,1,,,,,,,2,,,,,,,,1,,,1,,,,1,,,1,,,1,,,,2,
SAL_BA8154AA_AS,3,,,3,,,,3,,,3,,,,3,,,3,,,5,,8,,9,,,,8,,23,,3,,,3,,,,3,,,3,,,3,,,,14,
SAL_BA9231AA_AS,3,,,3,,,,3,,,3,,,,3,,,3,,,5,,8,,9,,,,8,,23,,3,,,3,,,,3,,,3,,,3,,,,14,
SAL_BA9768AA_AS,1,1.11,,1,,,,1,1.4,,1,1.1,,,1,1.1,,1,,,1,1.1,1,,3,,1,,1,1.1,2,,1,1.11,,1,,,,1,1.4,,1,1.1,,1,1.1,,,3,3.3
SAL_BA9957AA_AS,1,1.11,,1,,,,1,1.4,,1,1.1,,,1,1.1,,1,,,1,1.1,1,,3,,1,,1,1.1,2,,1,1.11,,1,,,,1,1.4,,1,1.1,,1,1.1,,,3,3.3
SAL_CA0078AA_AS,1,1.7,,1,1.8,,,1,1.8,,1,,,,1,1.13,,1,,,,,9,,2,2.1,,,13,,24,,1,1.7,,1,,,,1,1.8,,1,1.8,,1,1.11,,,2,2.1
SAL_CA0104AA_AS,1,,,1,,,,1,,,1,,,,1,,,1,,,,,,,2,,,,,,,,1,,,1,,,,1,,,1,,,1,,,,2,
SAL_CA0117AA_AS,1,,,1,,,,1,,,1,,,,1,,,1,,,,,,,2,,,,,,,,1,,,1,,,,1,,,1,,,1,,,,2,
SAL_CA0133AA_AS,1,,,1,,,,1,,,1,,,,1,,,1,,,,,,,2,,,,,,,,1,,,1,,,,1,,,1,,,1,,,,2,
SAL_CA0187AA_AS,1,,,1,,,,1,,,1,,,,1,,,1,,,,,,,2,,,,,,,,1,,,1,,,,1,,,1,,,1,,,,2,
SAL_CA0210AA_AS,1,,,1,,,,1,,,1,,,,1,,,1,,,,,,,2,,,,,,,,1,,,1,,,,1,,,1,,,1,,,,2,
SAL_CA0232AA_AS,1,,,1,,,,1,,,1,,,,1,,,1,,,,,,,,,,,,,1,,1,,,1,,,,1,,,1,,,1,,,,,
SAL_CA0239AA_AS,1,,,1,,,,1,,,1,,,,1,,,1,,,,,,,2,,,,,,,,1,,,1,,,,1,,,1,,,1,,,,2,
SAL_CA0270AA_AS,1,1.7,,1,1.8,,,1,1.8,,1,,,,1,1.13,,1,,,,,9,,2,2.1,,,13,,24,,1,1.7,,1,,,,1,1.8,,1,1.8,,1,1.11,,,2,2.1
SAL_CA0272AA_AS,1,,,1,,,,1,,,1,,,,1,,,1,,,,,,,2,,,,,,,,1,,,1,,,,1,,,1,,,1,,,,2,
SAL_CA0292AA_AS,1,,,1,,,,1,,,1,,,,1,,,1,,,,,,,2,,,,,,,,1,,,1,,,,1,,,1,,,1,,,,2,
SAL_CA0311AA_AS,1,,,1,1.2,,,1,1.1,,1,,,,1,,,1,1.4,,,,2,,1,1.1,,,,,5,,1,,,1,1.2,,,1,1.1,,1,1.3,,1,,,,1,
SAL_CA0321AA_AS,1,,,1,1.2,,,1,1.1,,1,,,,1,,,1,1.4,,,,2,,1,1.1,,,,,5,,1,,,1,1.2,,,1,1.1,,1,1.3,,1,,,,1,
SAL_CA0351AA_AS,1,,,1,1.2,,,1,1.1,,1,,,,1,,,1,1.4,,,,2,,1,1.1,,,,,5,,1,,,1,1.2,,,1,1.1,,1,1.3,,1,,,,1,
SAL_CA0361AA_AS,1,,,1,1.2,,,1,1.1,,1,,,,1,,,1,1.4,,,,2,,1,1.1,,,,,5,,1,,,1,1.2,,,1,1.1,,1,1.3,,1,,,,1,
SAL_CA0403AA_AS,1,,,1,1.2,,,1,1.1,,1,,,,1,,,1,1.4,,,,2,,1,1.1,,,,,5,,1,,,1,1.2,,,1,1.1,,1,1.3,,1,,,,1,
SAL_CA0422AA_AS,1,,,1,1.2,,,1,1.1,,1,,,,1,,,1,1.4,,,,2,,1,1.1,,,,,5,,1,,,1,1.2,,,1,1.1,,1,1.3,,1,,,,1,
SAL_CA0432AA_AS,1,,,1,,,,1,,,1,,,,1,,,1,,,,,,,,,,,,,1,,1,,,1,,,,1,,,1,,,1,,,,,
SAL_CA0451AA_AS,1,,,1,,,,1,,,1,,,,1,,,1,,,,,,,,,,,,,,,1,,,1,,,,1,,,1,,,1,,,,,
SAL_CA0470AA_AS,1,,,1,,,,1,,,1,,,,1,,,1,,,,,,,,,,,,,13,,1,,,1,,,,1,,,1,,,1,,,,,
SAL_CA0498AA_AS,1,1.1,,1,1.1,,,1,1.2,1.2.1,1,1.2,1.2.2,,1,1.2,,1,1.1,,4,,,,,,9,,7,,20,,1,1.1,,1,1.1,,,1,1.2,1.2.1,1,1.2,,1,1.2,1.2.2,,8,
SAL_CA0508AA_AS,1,1.1,,1,1.1,,,1,1.2,1.2.1,1,1.2,1.2.2,,1,1.2,,1,1.1,,4,,,,,,9,,7,,20,,1,1.1,,1,1.1,,,1,1.2,1.2.1,1,1.2,,1,1.2,1.2.2,,8,
SAL_CA0520AA_AS,1,1.1,,1,1.1,,,1,1.2,,1,1.2,,,1,1.2,,1,1.1,,,,,,,,,,,,,,1,1.1,,1,1.1,,,1,1.2,,1,1.2,,1,1.2,,,,
SAL_CA0548AA_AS,1,,,1,,,,1,1.1,,1,,,,1,1.5,,1,,,2,,,,1,1.2,,,,,,,1,,,1,,,,1,1.1,,1,,,1,1.5,,,1,
SAL_CA0560AA_AS,1,,,1,,,,1,,,1,,,,1,1.3,,1,1.5,,,,,,4,,,,,,9,,1,,,1,1.4,,,1,,,1,,,1,,,,,
SAL_CA0592AA_AS,1,1.8,,1,,,,1,,,1,,,,1,,,1,1.12,,8,,,,11,,10,,,,,,1,1.8,,1,,,,1,,,1,1.9,,1,,,,,
SAL_CA0614AA_AS,1,1.9,,1,,,,1,,,1,1.6,,,1,1.10,,1,,,,,12,,,,,,9,,,,1,1.9,,1,,,,1,,,1,,,1,,,,,
SAL_CA0635AA_AS,1,,,1,,,,1,1.9,,1,,,,1,1.18,,1,1.16,,,,,,,,13,,,,28,,1,,,1,,,,1,1.9,,1,,,1,,,,15,
SAL_CA0675AA_AS,3,,,3,,,,3,,,3,,,,3,,,3,,,5,,8,,9,,,,8,,23,,3,,,3,,,,3,,,3,,,3,,,,14,
SAL_CA0683AA_AS,1,,,1,,,,1,1.1,,1,,,,1,,,1,,,,,,,1,,,,,,7,,1,,,1,,,,1,1.1,,1,,,1,1.3,,,1,
SAL_CA0693AA_AS,1,,,1,,,,1,,,1,,,,1,,,1,,,,,,,2,,,,,,,,1,,,1,,,,1,,,1,,,1,,,,2,
SAL_CA0694AA_AS,1,,,1,,,,1,,,1,,,,1,1.19,,1,,,,,18,,,,,,14,,,,1,,,1,,,,1,,,1,1.16,,1,,,,,
SAL_CA0715AA_AS,1,,,1,,,,1,,,1,,,,1,,,1,,,,,,,,,,,,,6,,1,,,1,,,,1,,,1,,,1,,,,,
SAL_CA0717AA_AS,1,,,1,,,,1,,,1,,,,1,1.19,,1,,,,,18,,,,,,14,,,,1,,,1,,,,1,,,1,1.16,,1,,,,,
SAL_CA0725AA_AS,1,,,1,,,,1,,,1,,,,1,1.19,,1,,,,,18,,,,,,14,,,,1,,,1,,,,1,,,1,1.16,,1,,,,,
SAL_CA0741AA_AS,1,,,1,,,,1,,,1,,,,1,,,1,,,,,,,,,,,,,6,,1,,,1,,,,1,,,1,,,1,,,,,
SAL_CA0744AA_AS,1,,,1,1.2,,,1,1.1,,1,,,,1,,,1,1.4,,,,2,,1,1.1,,,,,5,,1,,,1,1.2,,,1,1.1,,1,1.3,,1,,,,1,
SAL_CA0750AA_AS,1,,,1,,,,1,,,1,,,,1,,,1,,,,,,,,,,,,,6,,1,,,1,,,,1,,,1,,,1,,,,,
SAL_CA0755AA_AS,1,1.1,,1,1.1,,,1,1.2,,1,1.2,,,1,1.2,,1,1.1,,,,,,,,,,,,,,1,1.1,,1,1.1,,,1,1.2,,1,1.2,,1,1.2,,,,
SAL_CA0760AA_AS,1,,,1,,,,1,,,1,1.1,,,1,1.1,,1,,,1,,1,,3,,1,,1,,2,,1,,,1,,,,1,,,1,1.1,,1,1.1,,,3,
SAL_CA0770AA_AS,1,,,1,,,,1,1.1,,1,,,,1,,,1,,,,,,,1,,,,,,,,1,,,1,,,,1,1.1,,1,,,1,,,,1,
SAL_CA0779AA_AS,1,,,1,,,,1,,,1,,,,1,,,1,,,,,,,2,,,,,,,,1,,,1,,,,1,,,1,,,1,,,,2,
SAL_CA0784AA_AS,1,,,1,,,,1,1.1,1.1.3,1,,,,1,,,1,,,,,,,1,1.5,,,,,,,1,,,1,,,,1,1.1,1.1.3,1,,,1,,,,1,
SAL_CA0790AA_AS,1,,,1,,,,1,,,1,,,,1,,,1,,,,,,,2,,,,,,,,1,,,1,,,,1,,,1,,,1,,,,2,
SAL_CA0794AA_AS,1,1.1,,1,1.1,1.1.1,,1,1.2,,1,1.2,1.2.1,,1,1.2,,1,1.1,,,,,,,,8,,6,,19,,1,1.1,,1,1.1,1.1.1,,1,1.2,,1,1.2,,1,1.2,1.2.1,,,
SAL_CA0801AA_AS,1,,,1,,,,1,,,1,,,,1,,,1,,,,,,,2,,,,,,,,1,,,1,,,,1,,,1,,,1,,,,2,
SAL_CA0812AA_AS,1,,,1,,,,1,,,1,,,,1,,,1,,,,,,,2,,,,,,,,1,,,1,,,,1,,,1,,,1,,,,2,
SAL_CA0822AA_AS,1,,,1,,,,1,,,1,,,,1,,,1,,,,,,,2,,,,,,,,1,,,1,,,,1,,,1,,,1,,,,2,
SAL_CA0832AA_AS,1,,,1,,,,1,,,1,,,,1,,,1,,,,,,,2,,,,,,,,1,,,1,,,,1,,,1,,,1,,,,2,
SAL_CA0834AA_AS,1,1.13,,1,,,,1,1.14,,1,,,,1,,,1,,,11,,,,12,,,,,,17,,1,1.13,,1,,,,1,1.14,,1,1.14,,1,,,,,
SAL_CA0841AA_AS,1,,,1,,,,1,,,1,,,,1,,,1,,,,,,,2,,,,,,,,1,,,1,,,,1,,,1,,,1,,,,2,
SAL_CA0844AA_AS,1,,,1,1.6,1.6.1,,1,1.5,,1,1.10,,,1,1.9,,1,1.18,,,,17,,8,,12,,,,16,,1,,,1,1.7,1.7.1,,1,1.5,,1,1.6,1.6.1,1,1.10,1.10.1,,,
SAL_CA0850AA_AS,1,,,1,,,,1,,,1,,,,1,,,1,,,,,,,2,,,,,,,,1,,,1,,,,1,,,1,,,1,,,,2,
SAL_CA0860AA_AS,1,,,1,,,,1,,,1,,,,1,,,1,,,,,,,2,,,,,,,,1,,,1,,,,1,,,1,,,1,,,,2,
SAL_CA0868AA_AS,1,,,1,,,,1,,,1,,,,1,,,1,1.6,,,,,,2,,,,,,12,,1,,,1,,,,1,,,1,,,1,,,,2,
SAL_CA0871AA_AS,1,,,1,,,,1,1.1,,1,,,,1,1.5,,1,,,2,,,,1,1.2,,,,,,,1,,,1,,,,1,1.1,,1,,,1,1.5,,,1,
SAL_CA0876AA_AS,1,,,1,,,,1,,,1,,,,1,,,1,1.6,,,,,,2,,,,,,12,,1,,,1,,,,1,,,1,,,1,,,,2,
SAL_CA0877AA_AS,1,,,1,,,,1,,,1,,,,1,,,1,,,,,,,2,,,,,,,,1,,,1,,,,1,,,1,,,1,,,,2,
SAL_CA0883AA_AS,1,,,1,,,,1,,,1,,,,1,,,1,,,,,,,2,,,,,,18,,1,,,1,,,,1,,,1,,,1,,,,2,
SAL_CA0887AA_AS,1,,,1,1.2,,,1,1.1,,1,,,,1,,,1,1.4,,,,2,,1,1.1,,,,,5,,1,,,1,1.2,,,1,1.1,,1,1.3,,1,,,,1,
SAL_CA0892AA_AS,1,,,1,,,,1,,,1,,,,1,,,1,,,,,,,2,,,,,,,,1,,,1,,,,1,,,1,,,1,,,,2,
SAL_CA0901AA_AS,1,,,1,,,,1,,,1,,,,1,,,1,,,,,,,2,,,,,,18,,1,,,1,,,,1,,,1,,,1,,,,2,
SAL_CA0905AA_AS,1,,,1,1.2,,,1,1.1,,1,,,,1,,,1,1.4,,,,2,,1,1.1,,,,,5,,1,,,1,1.2,,,1,1.1,,1,1.3,,1,,,,1,
SAL_CA0909AA_AS,1,,,1,,,,1,,,1,,,,1,,,1,,,,,,,2,,,,,,,,1,,,1,,,,1,,,1,,,1,,,,2,
SAL_CA0918AA_AS,1,,,1,1.7,,,1,,,1,1.1,,,1,1.1,,1,,,7,,,,,,1,,1,,2,,1,,,1,1.9,,,1,,,1,1.1,,1,1.1,,,3,
SAL_CA0923AA_AS,1,,,1,,,,1,1.15,,1,,,,1,1.20,,1,1.21,,,,,,2,,,,,,,33,1,,,1,1.16,,,1,1.15,,1,1.17,,1,,,,2,
SAL_CA0929AA_AS,1,,,1,,,,1,,,1,,,,1,,,1,1.2,,,,,,,,,,2,,3,,1,,,1,,,,1,,,1,,,1,,,,,
SAL_CA0938AA_AS,1,,,1,1.7,,,1,,,1,1.1,,,1,1.1,,1,,,7,,,,,,1,,1,,2,,1,,,1,1.9,,,1,,,1,1.1,,1,1.1,,,3,
SAL_CA0941AA_AS,1,,,1,,,,1,1.15,,1,,,,1,1.20,,1,1.21,,,,,,2,,,,,,,33,1,,,1,1.16,,,1,1.15,,1,1.17,,1,,,,2,
SAL_CA0946AA_AS,1,,,1,,,,1,,,1,,,,1,,,1,,,,,,,2,,,,,,,,1,,,1,,,,1,,,1,,,1,,,,2,
SAL_CA0955AA_AS,1,,,1,,,,1,,,1,,,,1,,,1,,,,,,,2,,,,,,,,1,,,1,,,,1,,,1,,,1,,,,2,
SAL_CA0957AA_AS,2,,,2,,,,2,,,2,,,,2,,,2,,,,,10,,6,,,,12,,26,,2,,,2,,,,2,,,2,,,2,,,,10,
SAL_CA0964AA_AS,1,,,1,,,,1,,,1,,,,1,,,1,1.2,,,,,,,,,,2,,3,,1,,,1,,,,1,,,1,,,1,,,,,
SAL_CA0966AA_AS,1,,,1,,,,1,,,1,,,,1,,,1,,,,,,,,,,,,,,,1,,,1,,,,1,,,1,,,1,,,,,
SAL_CA0976AA_AS,1,,,1,,,,1,,,1,,,,1,,,1,1.2,,,,,,,,,,2,,3,,1,,,1,,,,1,,,1,,,1,,,,,
SAL_CA0983AA_AS,1,,,1,,,,1,,,1,,,,1,,,1,,,,,,,,,,,,,,,1,,,1,,,,1,,,1,,,1,,,,,
SAL_CA0984AA_AS,1,,,1,,,,1,,,1,,,,1,,,1,,,,,,,,,,,,,6,,1,,,1,,,,1,,,1,,,1,,,,,
SAL_CA0992AA_AS,1,,,1,,,,1,,,1,,,,1,,,1,,,,,,,2,,,,,,,,1,,,1,,,,1,,,1,,,1,,,,2,
SAL_CA0995AA_AS,1,,,1,,,,1,,,1,,,,1,,,1,,,6,,,,10,,,,10,,22,,1,,,1,,,,1,,,1,,,1,,,,,
SAL_CA1001AA_AS,1,,,1,,,,1,,,1,,,,1,,,1,,,,,,,2,,,,,,,,1,,,1,,,,1,,,1,,,1,,,,2,
SAL_CA1003AA_AS,1,,,1,,,,1,,,1,,,,1,,,1,,,,,,,6,,,,,,,,1,,,1,,,,1,,,1,,,1,,,,,
SAL_CA1011AA_AS,1,,,1,1.6,1.6.1,,1,1.5,,1,1.10,,,1,1.9,,1,1.18,,,,17,,8,,12,,,,16,,1,,,1,1.7,1.7.1,,1,1.5,,1,1.6,1.6.1,1,1.10,1.10.1,,,
SAL_CA1019AA_AS,1,,,1,,,,1,,,1,,,,1,,,1,,,6,,,,10,,,,10,,22,,1,,,1,,,,1,,,1,,,1,,,,,
SAL_CA1021AA_AS,1,,,1,1.2,,,1,1.1,,1,,,,1,,,1,1.4,,,,2,,1,1.1,,,,,5,,1,,,1,1.2,,,1,1.1,,1,1.3,,1,,,,1,
SAL_CA1030AA_AS,1,,,1,,,,1,,,1,,,,1,,,1,,,,,,,,,,,,,6,,1,,,1,,,,1,,,1,,,1,,,,,
SAL_CA1047AA_AS,1,1.15,,1,1.12,,,1,,,1,1.12,,,1,1.21,,1,1.15,,10,,15,,13,,16,,16,,,,1,1.15,,1,1.12,,,1,,,1,1.19,,1,,,,13,
SAL_CA1049AA_AS,1,,,1,,,,1,,,1,,,,1,,,1,,,,,,,,,,,,,6,,1,,,1,,,,1,,,1,,,1,,,,,
SAL_CA1056AA_AS,1,,,1,,,,1,,,1,,,,1,,,1,,,6,,,,10,,,,10,,22,,1,,,1,,,,1,,,1,,,1,,,,,
SAL_CA1059AA_AS,1,,,1,,,,1,1.1,,1,,,,1,,,1,,,,,,,1,,,,,,8,,1,,,1,,,,1,1.1,,1,,,1,,,,1,
SAL_CA1075AA_AS,3,,,3,,,,3,,,3,,,,3,,,3,,,5,,8,,9,,,,8,,23,,3,,,3,,,,3,,,3,,,3,,,,14,
SAL_CA1077AA_AS,1,,,1,,,,1,1.9,,1,,,,1,1.18,,1,1.16,,,,,,,,13,,,,28,,1,,,1,,,,1,1.9,,1,,,1,,,,15,
SAL_CA1086AA_AS,1,,,1,,,,1,,,1,,,,1,,,1,,,,,,,,,,,,,6,,1,,,1,,,,1,,,1,,,1,,,,,
SAL_CA1096AA_AS,1,,,1,,,,1,1.1,,1,,,,1,1.5,,1,,,2,,,,1,1.2,,,,,,,1,,,1,,,,1,1.1,,1,,,1,1.5,,,1,
SAL_CA1103AA_AS,1,,,1,,,,1,,,1,,,,1,,,1,,,,,,,2,,,,,,,,1,,,1,,,,1,,,1,,,1,,,,2,
SAL_CA1106AA_AS,1,,,1,,,,1,1.9,,1,,,,1,1.18,,1,1.16,,,,,,,,13,,,,28,,1,,,1,,,,1,1.9,,1,,,1,,,,15,
SAL_CA1115AA_AS,1,,,1,,,,1,,,1,,,,1,,,1,,,,,,,,,,,,,,,1,,,1,,,,1,,,1,,,1,,,,,
SAL_CA1123AA_AS,3,,,3,,,,3,,,3,,,,3,,,3,,,5,,8,,9,,,,8,,23,,3,,,3,,,,3,,,3,,,3,,,,14,
SAL_CA1126AA_AS,1,,,1,,,,1,1.9,,1,,,,1,1.18,,1,1.16,,,,,,,,13,,,,28,,1,,,1,,,,1,1.9,,1,,,1,,,,15,
SAL_CA1134AA_AS,1,,,1,,,,1,1.1,,1,,,,1,,,1,,,,,,,1,,,,,,8,,1,,,1,,,,1,1.1,,1,,,1,,,,1,
SAL_CA1143AA_AS,1,,,1,,,,1,,,1,,,,1,,,1,1.13,,,,,,,,,,,,,,1,,,1,,,,1,,,1,,,1,,,,12,
SAL_CA1160AA_AS,1,,,1,,,,1,,,1,,,,1,,,1,,,,,,,2,,,,,,18,,1,,,1,,,,1,,,1,,,1,,,,2,
SAL_CA1173AA_AS,1,,,1,,,,1,,,1,,,,1,,,1,,,,,,,2,,,,,,,,1,,,1,,,,1,,,1,,,1,,,,2,
SAL_CA1175AA_AS,1,,,1,,,,1,,,1,,,,1,,,1,,,6,,,,10,,,,10,,22,,1,,,1,,,,1,,,1,,,1,,,,,
SAL_CA1183AA_AS,1,,,1,,,,1,,,1,,,,1,,,1,,,,,,,2,,,,,,,,1,,,1,,,,1,,,1,,,1,,,,2,
SAL_CA1198AA_AS,1,,,1,,,,1,1.1,,1,,,,1,1.5,,1,,,2,,,,1,1.2,,,,,,,1,,,1,,,,1,1.1,,1,,,1,1.5,,,1,
SAL_CA1204AA_AS,1,1.15,,1,1.12,,,1,,,1,1.12,,,1,1.21,,1,1.15,,10,,15,,13,,16,,16,,,,1,1.15,,1,1.12,,,1,,,1,1.19,,1,,,,13,
SAL_CA1209AA_AS,1,,,1,,,,1,1.1,,1,,,,1,1.5,,1,,,2,,,,1,1.2,,,,,,,1,,,1,,,,1,1.1,,1,,,1,1.5,,,1,
SAL_CA1217AA_AS,1,1.15,,1,1.12,,,1,,,1,1.12,,,1,1.21,,1,1.15,,10,,15,,13,,16,,16,,,,1,1.15,,1,1.12,,,1,,,1,1.19,,1,,,,13,
SAL_CA1220AA_AS,1,,,1,,,,1,1.1,,1,,,,1,1.5,,1,,,2,,,,1,1.2,,,,,,,1,,,1,,,,1,1.1,,1,,,1,1.5,,,1,
SAL_CA1234AA_AS,1,,,1,,,,1,,,1,,,,1,,,1,,,,,,,,,,,,,,,1,,,1,,,,1,,,1,,,1,,,,,
SAL_CA1244AA_AS,1,,,1,,,,1,1.1,,1,,,,1,,,1,,,,,,,1,,,,,,8,,1,,,1,,,,1,1.1,,1,,,1,,,,1,
SAL_CA1250AA_AS,2,,,2,,,,2,,,2,,,,2,,,2,,,,,10,,6,,,,12,,26,,2,,,2,,,,2,,,2,,,2,,,,10,
SAL_CA1254AA_AS,1,,,1,,,,1,1.1,,1,,,,1,1.12,,1,,,,,,,1,,,,,,21,,1,,,1,,,,1,1.1,,1,,,1,,,,1,
SAL_CA1261AA_AS,1,,,1,,,,1,1.1,,1,,,,1,,,1,,,,,,,1,,,,,,,,1,,,1,,,,1,1.1,,1,,,1,,,,1,
SAL_CA1264AA_AS,1,,,1,,,,1,,,1,,,,1,,,1,,,,,,,2,,,,,,18,,1,,,1,,,,1,,,1,,,1,,,,2,
SAL_CA1273AA_AS,1,,,1,,,,1,,,1,,,,1,,,1,1.13,,,,,,,,,,,,,,1,,,1,,,,1,,,1,,,1,,,,12,
SAL_CA1283AA_AS,1,,,1,,,,1,,,1,,,,1,,,1,,,,,,,,,,,,,,,1,,,1,,,,1,,,1,,,1,,,,11,
SAL_CA1299AA_AS,1,,,1,,,,1,,,1,,,,1,,,1,,,,,,,2,,,,,,18,,1,,,1,,,,1,,,1,,,1,,,,2,
SAL_CA1308AA_AS,1,,,1,,,,1,,,1,,,,1,,,1,,,,,,,2,,,,,,,,1,,,1,,,,1,,,1,,,1,,,,2,
SAL_CA1309AA_AS,2,,,2,,,,2,,,2,,,,2,,,2,,,,,10,,6,,,,12,,26,,2,,,2,,,,2,,,2,,,2,,,,10,
SAL_CA1318AA_AS,1,,,1,,,,1,,,1,,,,1,,,1,,,,,,,2,,,,,,,,1,,,1,,,,1,,,1,,,1,,,,2,
SAL_CA1327AA_AS,,,,,,,,,,,,,,,,,,,,,5,,8,,9,,,,8,,23,,,,,,,,,,,,,,,,,,,,
SAL_CA1330AA_AS,1,,,1,,,,1,,,1,,,,1,,,1,1.6,,,,,,2,,,,,,12,,1,,,1,,,,1,,,1,,,1,,,,2,
SAL_CA1339AA_AS,1,,,1,,,,1,,,1,,,,1,,,1,,,,,,,2,,,,,,,,1,,,1,,,,1,,,1,,,1,,,,2,
SAL_CA1347AA_AS,1,,,1,,,,1,,,1,,,,1,,,1,,,,,,,,,,,,,,,1,,,1,,,,1,,,1,,,1,,,,,
SAL_CA1359AA_AS,1,,,1,,,,1,,,1,,,,1,,,1,,,,,,,2,,,,,,,,1,,,1,,,,1,,,1,,,1,,,,2,
SAL_CA1364AA_AS,1,1.1,,1,1.1,,,1,1.2,,1,1.2,,,1,1.2,,1,1.1,,,,,,,,,,,,,,1,1.1,,1,1.1,,,1,1.2,,1,1.2,,1,1.2,,,,
SAL_CA1366AA_AS,1,,,1,,,,1,,,1,,,,1,,,1,,,,,,,2,,,,,,,,1,,,1,,,,1,,,1,,,1,,,,2,
SAL_CA1374AA_AS,1,,,1,,,,1,,,1,,,,1,,,1,,,,,,,2,,,,,,,,1,,,1,,,,1,,,1,,,1,,,,2,
SAL_CA1375AA_AS,1,,,1,,,,1,,,1,,,,1,,,1,1.6,,,,,,2,,,,,,12,,1,,,1,,,,1,,,1,,,1,,,,2,
SAL_CA1378AA_AS,1,,,1,,,,1,,,1,,,,1,,,1,,,,,,,2,,,,,,,,1,,,1,,,,1,,,1,,,1,,,,2,
SAL_CA1380AA_AS,1,,,1,,,,1,,,1,,,,1,,,1,,,,,,,,,,,,,,,1,,,1,,,,1,,,1,,,1,,,,,
SAL_CA1382AA_AS,1,,,1,,,,1,,,1,,,,1,,,1,,,,,,,2,,,,,,,,1,,,1,,,,1,,,1,,,1,,,,2,
SAL_CA1389AA_AS,1,,,1,,,,1,,,1,,,,1,,,1,,,,,,,2,,,,,,,,1,,,1,,,,1,,,1,,,1,,,,2,
SAL_CA1396AA_AS,1,,,1,,,,1,,,1,,,,1,,,1,,,,,,,2,,,,,,,,1,,,1,,,,1,,,1,,,1,,,,2,
SAL_CA1403AA_AS,1,,,1,,,,1,,,1,,,,1,,,1,,,,,,,2,,,,,,,,1,,,1,,,,1,,,1,,,1,,,,2,
SAL_CA1413AA_AS,1,,,1,,,,1,,,1,,,,1,,,1,,,,,,,,,,,,,,,1,,,1,,,,1,,,1,,,1,,,,,
SAL_CA1414AA_AS,1,,,1,,,,1,,,1,,,,1,,,1,,,,,,,2,,,,,,,,1,,,1,,,,1,,,1,,,1,,,,2,
SAL_CA1424AA_AS,1,,,1,,,,1,,,1,,,,1,,,1,,,,,,,2,,,,,,,,1,,,1,,,,1,,,1,,,1,,,,2,
SAL_CA1430AA_AS,1,,,1,,,,1,,,1,,,,1,,,1,,,,,,,2,,,,,,,,1,,,1,,,,1,,,1,,,1,,,,2,
SAL_CA1433AA_AS,1,,,1,,,,1,,,1,,,,1,,,1,,,,,,,,,,,,,,,1,,,1,,,,1,,,1,,,1,,,,,
SAL_CA1438AA_AS,1,,,1,,,,1,,,1,,,,1,,,1,1.6,,,,,,2,,,,,,12,,1,,,1,,,,1,,,1,,,1,,,,2,
SAL_CA1445AA_AS,1,,,1,,,,1,,,1,,,,1,,,1,,,,,,,2,,,,,,,,1,,,1,,,,1,,,1,,,1,,,,2,
SAL_CA1448AA_AS,1,,,1,,,,1,1.1,,1,,,,1,1.5,,1,,,2,,,,1,1.2,,,,,,,1,,,1,,,,1,1.1,,1,,,1,1.5,,,1,
SAL_CA1455AA_AS,1,1.1,,1,1.1,,,1,1.2,1.2.2,1,1.2,,,1,1.2,1.2.1,1,1.1,1.1.1,,,,,,,,,11,,25,,1,1.1,,1,1.1,,,1,1.2,1.2.2,1,1.2,,1,1.2,,,,
SAL_CA1464AA_AS,1,,,1,,,,1,,,1,,,,1,,,1,,,,,,,2,,,,,,,,1,,,1,,,,1,,,1,,,1,,,,2,
SAL_CA1483AA_AS,1,,,1,,,,1,,,1,,,,1,,,1,,,,,,,2,,,,,,,,1,,,1,,,,1,,,1,,,1,,,,2,
SAL_CA1489AA_AS,1,,,1,,,,1,1.1,,1,,,,1,1.5,,1,,,2,,,,1,1.2,,,,,,,1,,,1,,,,1,1.1,,1,,,1,1.5,,,1,
SAL_CA1500AA_AS,1,,,1,,,,1,1.1,1.1.3,1,,,,1,,,1,,,,,,,1,1.5,,,,,,,1,,,1,,,,1,1.1,1.1.3,1,,,1,,,,1,
SAL_CA1505AA_AS,1,,,1,,,,1,1.15,,1,,,,1,1.20,,1,1.21,,,,,,2,,,,,,,33,1,,,1,1.16,,,1,1.15,,1,1.17,,1,,,,2,
SAL_CA1517AA_AS,1,,,1,,,,1,,,1,,,,1,1.10,,1,,,,,,,,,,,9,,,,1,,,1,,,,1,,,1,,,1,,,,,
SAL_CA1521AA_AS,1,,,1,,,,1,1.15,,1,,,,1,1.20,,1,1.21,,,,,,2,,,,,,,33,1,,,1,1.16,,,1,1.15,,1,1.17,,1,,,,2,
SAL_CA1525AA_AS,1,1.1,,1,1.1,,,1,1.2,1.2.2,1,1.2,,,1,1.2,1.2.1,1,1.1,1.1.1,,,,,,,,,11,,25,,1,1.1,,1,1.1,,,1,1.2,1.2.2,1,1.2,,1,1.2,,,,
SAL_CA1536AA_AS,1,,,1,,,,1,1.1,,1,,,,1,,,1,,,,,,,1,,,,,,8,,1,,,1,,,,1,1.1,,1,,,1,,,,1,
SAL_CA1545AA_AS,1,,,1,,,,1,,,1,,,,1,,,1,,,,,,,,,,,,,,,1,,,1,,,,1,,,1,,,1,,,,,
SAL_CA1561AA_AS,1,1.1,,1,1.1,,,1,1.2,,1,1.2,,,1,1.2,,1,1.1,,,,,,,,,,,,,,1,1.1,,1,1.1,,,1,1.2,,1,1.2,,1,1.2,,,,
SAL_CA1569AA_AS,1,,,1,,,,1,,,1,,,,1,,,1,,,,,,,,,,,,,,,1,,,1,,,,1,,,1,,,1,,,,,
SAL_CA1574AA_AS,1,,,1,,,,1,1.1,,1,,,,1,,,1,,,,,,,1,,,,,,8,,1,,,1,,,,1,1.1,,1,,,1,,,,1,
SAL_CA1575AA_AS,1,,,1,,,,1,,,1,,,,1,,,1,,,,,,,,,,,,,,,1,,,1,,,,1,,,1,,,1,,,,,
SAL_CA1583AA_AS,1,,,1,,,,1,1.1,,1,,,,1,1.12,,1,,,,,,,1,,,,,,21,,1,,,1,,,,1,1.1,,1,,,1,,,,1,
SAL_CA1600AA_AS,1,,,1,,,,1,1.1,,1,,,,1,,,1,,,,,,,1,,,,,,,,1,,,1,,,,1,1.1,,1,,,1,,,,1,
SAL_CA1609AA_AS,1,,,1,,,,1,,,1,,,,1,,,1,,,,,,,2,,,,,,,,1,,,1,,,,1,,,1,,,1,,,,2,
SAL_CA1615AA_AS,1,,,1,1.2,,,1,1.1,,1,,,,1,,,1,1.4,,,,2,,1,1.1,,,,,5,,1,,,1,1.2,,,1,1.1,,1,1.3,,1,,,,1,
SAL_CA1640AA_AS,1,,,1,1.6,1.6.1,,1,1.5,,1,1.10,,,1,1.9,,1,1.18,,,,17,,8,,12,,,,16,,1,,,1,1.7,1.7.1,,1,1.5,,1,1.6,1.6.1,1,1.10,1.10.1,,,
SAL_CA1641AA_AS,1,1.5,,1,1.5,,,1,,,1,1.4,,,1,1.8,,1,1.7,,,,6,,,,6,,4,,15,,1,1.5,,1,1.6,,,1,,,1,1.5,,1,1.8,,,7,
SAL_CA1648AA_AS,1,,,1,,,,1,,,1,,,,1,,,1,,,,,,,2,,,,,,,,1,,,1,,,,1,,,1,,,1,,,,2,
SAL_CA1666AA_AS,1,1.5,,1,1.5,,,1,,,1,1.4,,,1,1.8,,1,1.7,,,,6,,,,6,,4,,15,,1,1.5,,1,1.6,,,1,,,1,1.5,,1,1.8,,,7,
SAL_CA1673AA_AS,1,,,1,,,,1,,,1,,,,1,,,1,,,,,,,2,,,,,,,,1,,,1,,,,1,,,1,,,1,,,,2,
SAL_CA1675AA_AS,1,,,1,,,,1,1.1,1.1.2,1,,,,1,,,1,1.10,,,,,,1,,,,,,7,,1,,,1,,,,1,1.1,1.1.2,1,,,1,1.3,,,1,
SAL_CA1682AA_AS,1,,,1,,,,1,,,1,,,,1,,,1,1.6,,,,,,2,,,,,,12,,1,,,1,,,,1,,,1,,,1,,,,2,
SAL_CA1693AA_AS,1,,,1,,,,1,1.1,,1,,,,1,,,1,,,,,,,1,,,,,,7,,1,,,1,,,,1,1.1,,1,,,1,1.3,,,1,
SAL_CA1699AA_AS,1,,,1,,,,1,,,1,,,,1,,,1,,,,,,,2,,,,,,18,,1,,,1,,,,1,,,1,,,1,,,,2,
SAL_CA1702AA_AS,1,1.3,,1,,,,1,1.3,,1,1.3,,,1,1.3,,1,1.5,,,,4,,4,,5,,,,9,,1,1.3,,1,1.4,,,1,1.3,,1,1.4,,1,1.7,,,6,
SAL_CA1708AA_AS,1,,,1,1.6,1.6.1,,1,1.5,,1,1.10,,,1,1.9,,1,1.18,,,,17,,8,,12,,,,16,,1,,,1,1.7,1.7.1,,1,1.5,,1,1.6,1.6.1,1,1.10,1.10.1,,,
SAL_CA1720AA_AS,1,,,1,,,,1,1.1,,1,,,,1,,,1,,,,,,,1,,,,,,7,,1,,,1,,,,1,1.1,,1,,,1,1.3,,,1,
SAL_CA1745AA_AS,1,,,1,,,,1,,,1,,,,1,,,1,,,,,,,2,,,,,,,,1,,,1,,,,1,,,1,,,1,,,,2,
SAL_CA1747AA_AS,1,,,1,,,,1,,,1,,,,1,,,1,,,,,,,,,,,,,,,1,,,1,,,,1,,,1,,,1,,,,,
SAL_CA1753AA_AS,1,,,1,,,,1,,,1,,,,1,,,1,1.6,,,,,,2,,,,,,12,,1,,,1,,,,1,,,1,,,1,,,,2,
SAL_CA1756AA_AS,1,,,1,,,,1,1.1,,1,,,,1,,,1,,,,,,,1,,,,,,7,,1,,,1,,,,1,1.1,,1,,,1,1.3,,,1,
SAL_CA1770AA_AS,1,,,1,,,,1,,,1,,,,1,,,1,,,,,,,2,,,,,,,,1,,,1,,,,1,,,1,,,1,,,,2,
SAL_CA1772AA_AS,1,1.5,,1,1.5,,,1,,,1,1.4,,,1,1.8,,1,1.7,,,,6,,,,6,,4,,15,,1,1.5,,1,1.6,,,1,,,1,1.5,,1,1.8,,,7,
SAL_CA1793AA_AS,1,,,1,,,,1,,,1,,,,1,,,1,,,,,,,,,,,,,17,,1,,,1,,,,1,,,1,,,1,,,,,
SAL_CA1795AA_AS,1,,,1,,,,1,1.1,1.1.2,1,,,,1,,,1,1.10,,,,,,1,,,,,,7,,1,,,1,,,,1,1.1,1.1.2,1,,,1,1.3,,,1,
SAL_CA1801AA_AS,1,,,1,,,,1,1.1,,1,,,,1,,,1,,,,,,,1,,,,,,7,,1,,,1,,,,1,1.1,,1,,,1,1.3,,,1,
SAL_CA1802AA_AS,3,,,3,,,,3,,,3,,,,3,,,3,,,5,,8,,9,,,,8,,23,,3,,,3,,,,3,,,3,,,3,,,,14,
SAL_CA1819AA_AS,1,1.1,,1,1.1,,,1,1.2,1.2.1,1,1.2,1.2.2,,1,1.2,,1,1.1,,4,,,,,,9,,7,,20,,1,1.1,,1,1.1,,,1,1.2,1.2.1,1,1.2,,1,1.2,1.2.2,,8,
SAL_CA1824AA_AS,1,,,1,,,,1,1.1,,1,,,,1,,,1,,,,,,,1,,,,,,7,,1,,,1,,,,1,1.1,,1,,,1,1.3,,,1,
SAL_CA1833AA_AS,1,1.14,,1,1.14,,,1,1.1,1.1.4,1,1.11,,,1,1.12,,1,1.20,,12,,19,,1,1.6,15,,15,,21,,1,1.14,,1,1.17,,,1,1.1,1.1.4,1,1.18,,1,1.13,,,1,1.3
SAL_CA1859AA_AS,1,1.14,,1,1.14,,,1,1.1,1.1.4,1,1.11,,,1,1.12,,1,1.20,,12,,19,,1,1.6,15,,15,,21,,1,1.14,,1,1.17,,,1,1.1,1.1.4,1,1.18,,1,1.13,,,1,1.3
SAL_CA1867AA_AS,1,,,1,,,,1,,,1,,,,1,,,1,,,,,,,,,,,,,,,1,,,1,,,,1,,,1,,,1,,,,,
SAL_CA1881AA_AS,1,,,1,,,,1,,,1,,,,1,,,1,,,,,,,,,,,,,,,1,,,1,,,,1,,,1,,,1,,,,,
SAL_CA1897AA_AS,1,1.10,,1,1.10,,,1,1.1,,1,1.8,,,1,1.16,,1,,,,,,,1,,11,,,,,27,1,1.10,,1,1.11,,,1,1.1,,1,1.12,,1,1.12,,,1,1.2
SAL_CA1912AA_AS,1,1.10,,1,1.10,,,1,1.1,,1,1.8,,,1,1.16,,1,,,,,,,1,,11,,,,,27,1,1.10,,1,1.11,,,1,1.1,,1,1.12,,1,1.12,,,1,1.2
SAL_CA1920AA_AS,1,,,1,,,,1,1.1,,1,,,,1,,,1,,,,,,,1,,,,,,,,1,,,1,,,,1,1.1,,1,,,1,,,,1,
SAL_CA1942AA_AS,1,1.10,,1,1.10,,,1,1.1,,1,1.8,,,1,1.16,,1,,,,,,,1,,11,,,,,27,1,1.10,,1,1.11,,,1,1.1,,1,1.12,,1,1.12,,,1,1.2
SAL_CA1961AA_AS,1,,,1,,,,1,,,1,,,,1,,,1,,,,,,,2,,,,,,,,1,,,1,,,,1,,,1,,,1,,,,2,
SAL_CA1963AA_AS,1,1.10,,1,1.10,,,1,1.1,,1,1.8,,,1,1.16,,1,,,,,,,1,,11,,,,,27,1,1.10,,1,1.11,,,1,1.1,,1,1.12,,1,1.12,,,1,1.2
SAL_CA1974AA_AS,1,,,1,,,,1,,,1,,,,1,,,1,,,,,,,,,,,,,13,,1,,,1,,,,1,,,1,,,1,,,,,
SAL_CA1978AA_AS,1,,,1,1.3,,,1,,,1,1.1,1.1.1,,1,1.1,,1,,,1,,1,1.1,3,,1,1.1,1,,2,,1,,,1,1.3,,,1,,,1,1.1,,1,1.1,,,3,
SAL_CA1986AA_AS,1,1.15,,1,1.12,,,1,,,1,1.12,,,1,1.21,,1,1.15,,10,,15,,13,,16,,16,,,,1,1.15,,1,1.12,,,1,,,1,1.19,,1,,,,13,
SAL_CA1991AA_AS,1,,,1,,,,1,,,1,,,,1,,,1,,,,,,,,,,,,,,,1,,,1,,,,1,,,1,,,1,,,,11,
SAL_CA2010AA_AS,1,,,1,,,,1,,,1,,,,1,,,1,,,,,,,,,,,,,13,,1,,,1,,,,1,,,1,,,1,,,,,
SAL_CA2012AA_AS,1,,,1,,,,1,,,1,,,,1,,,1,,,,,,,,,,,,,,,1,,,1,,,,1,,,1,,,1,,,,,
SAL_CA2033AA_AS,1,,,1,,,,1,,,1,,,,1,,,1,,,,,,,,,,,,,,,1,,,1,,,,1,,,1,,,1,,,,,
SAL_CA2040AA_AS,1,,,1,,,,1,1.11,,1,1.9,,,1,1.17,,1,,,,,16,,,,,,,,,30,1,,,1,1.13,,,1,1.11,,1,1.13,,1,,,,,
SAL_CA2052AA_AS,,,,,,,,,,,,,,,,,,,,,5,,8,,9,,,,8,,23,,,,,,,,,,,,,,,,,,,,
SAL_CA2063AA_AS,,,,,,,,,,,,,,,,,,,,,5,,8,,9,,,,8,,23,,,,,,,,,,,,,,,,,,,,
SAL_CA2066AA_AS,1,,,1,,,,1,,,1,,,,1,,,1,,,,,,,,,,,,,,,1,,,1,,,,1,,,1,,,1,,,,,
SAL_CA2084AA_AS,1,,,1,,,,1,,,1,,,,1,,,1,,,,,,,,,,,,,,,1,,,1,,,,1,,,1,,,1,,,,,
SAL_CA2101AA_AS,1,,,1,,,,1,,,1,,,,1,,,1,,,,,,,,,,,,,,,1,,,1,,,,1,,,1,,,1,,,,,
SAL_CA2106AA_AS,1,,,1,,,,1,,,1,,,,1,,,1,,,,,,,,,,,,,13,,1,,,1,,,,1,,,1,,,1,,,,,
SAL_CA2110AA_AS,1,,,1,,,,1,1.1,,1,,,,1,1.5,,1,,,2,,,,1,1.2,,,,,,,1,,,1,,,,1,1.1,,1,,,1,1.5,,,1,
SAL_CA2117AA_AS,1,,,1,,,,1,1.1,,1,,,,1,1.5,,1,,,2,,,,1,1.2,,,,,,,1,,,1,,,,1,1.1,,1,,,1,1.5,,,1,
SAL_CA2135AA_AS,1,,,1,,,,1,,,1,,,,1,,,1,,,,,,,,,,,,,,,1,,,1,,,,1,,,1,,,1,,,,,
SAL_CA2140AA_AS,1,,,1,1.2,,,1,1.1,,1,,,,1,,,1,1.4,,,,2,,1,1.1,,,,,5,,1,,,1,1.2,,,1,1.1,,1,1.3,,1,,,,1,
SAL_CA2145AA_AS,1,,,1,,,,1,1.11,,1,1.9,,,1,1.17,,1,,,,,16,,,,,,,,,30,1,,,1,1.13,,,1,1.11,,1,1.13,,1,,,,,
SAL_CA2158AA_AS,1,,,1,,,,1,1.1,,1,,,,1,,,1,,,,,,,1,,,,,,,,1,,,1,,,,1,1.1,,1,,,1,,,,1,
SAL_CA2174AA_AS,1,1.3,,1,,,,1,1.3,,1,1.3,,,1,1.3,,1,1.5,,,,4,,4,,5,,,,9,,1,1.3,,1,1.4,,,1,1.3,,1,1.4,,1,1.7,,,6,
SAL_CA2177AA_AS,1,,,1,,,,1,1.15,,1,,,,1,1.20,,1,1.21,,,,,,2,,,,,,,33,1,,,1,1.16,,,1,1.15,,1,1.17,,1,,,,2,
SAL_CA2186AA_AS,1,,,1,,,,1,,,1,,,,1,,,1,,,,,,,,,,,,,,,1,,,1,,,,1,,,1,,,1,,,,,
SAL_CA2197AA_AS,1,1.1,,1,1.1,,,1,1.2,,1,1.2,,,1,1.2,,1,1.1,,,,,,,,,,,,,,1,1.1,,1,1.1,,,1,1.2,,1,1.2,,1,1.2,,,,
SAL_CA2202AA_AS,1,,,1,,,,1,,,1,,,,1,,,1,,,,,,,,,,,,,,,1,,,1,,,,1,,,1,,,1,,,,,
SAL_CA2216AA_AS,1,,,1,1.2,,,1,1.1,,1,,,,1,,,1,1.4,,,,2,,1,1.1,,,,,5,,1,,,1,1.2,,,1,1.1,,1,1.3,,1,,,,1,
SAL_CA2217AA_AS,1,,,1,,,,1,,,1,,,,1,,,1,,,,,,,,,,,,,,,1,,,1,,,,1,,,1,,,1,,,,,
SAL_CA2225AA_AS,1,,,1,,,,1,,,1,,,,1,,,1,,,,,,,,,,,,,,,1,,,1,,,,1,,,1,,,1,,,,,
SAL_CA2229AA_AS,1,,,1,,,,1,,,1,,,,1,,,1,,,,,,,,,,,,,13,,1,,,1,,,,1,,,1,,,1,,,,,
SAL_CA2239AA_AS,1,,,1,,,,1,,,1,,,,1,,,1,,,,,,,,,,,,,6,,1,,,1,,,,1,,,1,,,1,,,,,
SAL_CA2246AA_AS,1,,,1,,,,1,,,1,,,,1,1.10,,1,,,,,,,,,,,9,,,,1,,,1,,,,1,,,1,,,1,,,,,
SAL_CA2265AA_AS,1,,,1,,,,1,,,1,,,,1,,,1,,,,,,,,,,,,,,,1,,,1,,,,1,,,1,,,1,,,,11,
SAL_CA2285AA_AS,1,1.3,,1,,,,1,1.3,,1,1.3,,,1,1.3,,1,1.5,,,,4,,4,,5,,,,9,,1,1.3,,1,1.4,,,1,1.3,,1,1.4,,1,1.7,,,6,
SAL_CA2295AA_AS,1,1.1,,1,1.1,,,1,1.2,,1,1.2,,,1,1.2,,1,1.1,,,,,,,,,,,,,,1,1.1,,1,1.1,,,1,1.2,,1,1.2,,1,1.2,,,,
SAL_CA2303AA_AS,1,,,1,,,,1,,,1,,,,1,,,1,,,,,,,2,,,,,,,,1,,,1,,,,1,,,1,,,1,,,,2,
SAL_CA2306AA_AS,1,,,1,,,,1,,,1,,,,1,,,1,,,,,,,,,,,,,,,1,,,1,,,,1,,,1,,,1,,,,11,
SAL_CA2325AA_AS,1,,,1,,,,1,,,1,,,,1,,,1,,,,,,,2,,,,,,,,1,,,1,,,,1,,,1,,,1,,,,2,
SAL_CA2327AA_AS,1,,,1,,,,1,,,1,,,,1,,,1,,,,,,,,,,,,,,,1,,,1,,,,1,,,1,,,1,,,,,
SAL_CA2343AA_AS,1,,,1,,,,1,1.11,,1,1.9,,,1,1.17,,1,,,,,16,,,,,,,,,30,1,,,1,1.13,,,1,1.11,,1,1.13,,1,,,,,
SAL_CA2352AA_AS,1,,,1,,,,1,,,1,,,,1,,,1,,,,,,,2,,,,,,,,1,,,1,,,,1,,,1,,,1,,,,2,
SAL_CA2361AA_AS,1,,,1,,,,1,,,1,,,,1,,,1,1.13,,,,,,,,,,,,,,1,,,1,,,,1,,,1,,,1,,,,12,
SAL_CA2371AA_AS,1,,,1,,,,1,,,1,,,,1,,,1,,,,,,,,,,,,,6,,1,,,1,,,,1,,,1,,,1,,,,,
SAL_CA2379AA_AS,1,,,1,,,,1,1.11,,1,1.9,,,1,1.17,,1,,,,,16,,,,,,,,,30,1,,,1,1.13,,,1,1.11,,1,1.13,,1,,,,,
SAL_CA2388AA_AS,1,,,1,,,,1,,,1,,,,1,,,1,1.6,,,,,,2,,,,,,12,,1,,,1,,,,1,,,1,,,1,,,,2,
SAL_CA2396AA_AS,1,,,1,,,,1,,,1,,,,1,,,1,,,,,,,,,,,,,,,1,,,1,,,,1,,,1,,,1,,,,,
SAL_CA2414AA_AS,1,,,1,1.3,,,1,,,1,1.1,1.1.1,,1,1.1,,1,1.17,,1,,1,1.1,3,,1,1.1,1,,2,2.2,1,,,1,1.3,,,1,,,1,1.1,,1,1.1,,,3,3.2
SAL_CA2415AA_AS,1,1.6,,1,,,,1,1.6,,1,1.5,,,1,1.11,,1,1.8,1.8.1,3,,7,,7,,7,,5,,,31,1,1.6,,1,1.8,,,1,1.6,,1,1.7,,1,1.9,,,9,
SAL_CA2417AA_AS,1,,,1,,,,1,,,1,,,,1,,,1,,,,,,,,,,,,,,,1,,,1,,,,1,,,1,,,1,,,,,
SAL_CA2430AA_AS,1,,,1,1.2,,,1,1.1,,1,,,,1,,,1,1.4,,,,2,,1,1.1,,,,,5,,1,,,1,1.2,,,1,1.1,,1,1.3,,1,,,,1,
SAL_CA2435AA_AS,1,,,1,,,,1,,,1,,,,1,,,1,,,,,,,,,,,,,,,1,,,1,,,,1,,,1,,,1,,,,11,
SAL_CA2443AA_AS,1,,,1,,,,1,,,1,,,,1,,,1,,,,,,,,,,,,,,,1,,,1,,,,1,,,1,,,1,,,,,
SAL_CA2452AA_AS,1,,,1,,,,1,,,1,,,,1,,,1,,,,,,,,,,,,,,,1,,,1,,,,1,,,1,,,1,,,,,
SAL_CA2455AA_AS,1,,,1,,,,1,,,1,,,,1,,,1,,,,,,,2,,,,,,,,1,,,1,,,,1,,,1,,,1,,,,2,
SAL_CA2462AA_AS,1,,,1,,,,1,,,1,,,,1,,,1,,,,,,,,,,,,,,,1,,,1,,,,1,,,1,,,1,,,,,
SAL_CA2464AA_AS,1,,,1,,,,1,,,1,,,,1,,,1,,,,,,,2,,,,,,,,1,,,1,,,,1,,,1,,,1,,,,2,
SAL_CA2481AA_AS,1,1.7,,1,,,,1,,,1,,,,1,1.13,,1,,,,,9,,2,,,,,,24,,1,1.7,,1,,,,1,,,1,1.8,,1,,,,2,2.1
SAL_CA2491AA_AS,1,,,1,,,,1,,,1,,,,1,,,1,1.3,,,,,,,,,,,,,,1,,,1,,,,1,,,1,,,1,,,,4,
SAL_CA2503AA_AS,1,,,1,,,,1,1.1,,1,,,,1,,,1,,,,,,,1,,,,,,,,1,,,1,,,,1,1.1,,1,,,1,,,,1,
SAL_CA2511AA_AS,1,,,1,,,,1,,,1,,,,1,,,1,,,,,,,2,,,,,,,,1,,,1,,,,1,,,1,,,1,,,,2,
SAL_CA2521AA_AS,1,,,1,,,,1,1.1,,1,,,,1,,,1,,,,,,,1,,,,,,,,1,,,1,,,,1,1.1,,1,,,1,,,,1,
SAL_CA2523AA_AS,1,,,1,,,,1,,,1,,,,1,,,1,,,,,,,,,,,,,17,,1,,,1,,,,1,,,1,,,1,,,,,
SAL_CA2539AA_AS,1,,,1,,,,1,,,1,,,,1,,,1,,,,,,,,,,,,,6,,1,,,1,,,,1,,,1,,,1,,,,,
SAL_CA2542AA_AS,1,,,1,,,,1,,,1,,,,1,,,1,,,,,,,,,,,,,,,1,,,1,,,,1,,,1,,,1,,,,,
SAL_CA2548AA_AS,1,1.6,,1,,,,1,1.6,,1,1.5,,,1,1.11,,1,1.8,,3,,7,,7,,7,,5,,,,1,1.6,,1,1.8,,,1,1.6,,1,1.7,,1,1.9,,,9,
SAL_CA2560AA_AS,1,,,1,,,,1,1.1,1.1.2,1,,,,1,,,1,1.10,,,,,,1,,,,,,7,,1,,,1,,,,1,1.1,1.1.2,1,,,1,1.3,,,1,
SAL_CA2576AA_AS,1,,,1,,,,1,,,1,,,,1,,,1,,,,,,,2,,,,,,,,1,,,1,,,,1,,,1,,,1,,,,2,
SAL_CA2577AA_AS,1,1.5,1.5.1,1,1.5,,,1,1.13,,1,1.4,1.4.1,,1,1.8,1.8.1,1,1.7,1.7.1,,,6,6.1,,,6,6.1,4,,15,15.1,1,1.5,1.5.1,1,1.6,1.6.1,,1,1.13,,1,1.5,1.5.1,1,1.8,1.8.1,,7,7.1
SAL_CA2592AA_AS,1,,,1,,,,1,,,1,,,,1,,,1,,,,,,,,,,,,,,,1,,,1,,,,1,,,1,,,1,,,,,
SAL_CA2603AA_AS,1,,,1,,,,1,1.10,,1,,,,1,,,1,,,,,14,,,,,,,,,29,1,,,1,,,,1,1.10,,1,,,1,,,,,
SAL_CA2618AA_AS,1,,,1,,,,1,1.1,,1,,,,1,,,1,,,,,,,1,,,,,,7,,1,,,1,,,,1,1.1,,1,,,1,1.3,,,1,
SAL_CA2619AA_AS,1,,,1,,,,1,,,1,,,,1,,,1,,,,,,,,,,,,,,,1,,,1,,,,1,,,1,,,1,,,,,
SAL_CA2634AA_AS,1,1.7,,1,1.8,,,1,1.8,,1,,,,1,1.13,,1,,,,,9,,2,2.1,,,13,,24,,1,1.7,,1,,,,1,1.8,,1,1.8,,1,1.11,,,2,2.1
SAL_CA2636AA_AS,1,,,1,,,,1,,,1,,,,1,,,1,,,,,,,,,,,,,,,1,,,1,,,,1,,,1,,,1,,,,,
SAL_CA2652AA_AS,1,,,1,,,,1,,,1,,,,1,,,1,,,,,,,,,,,,,,,1,,,1,,,,1,,,1,,,1,,,,,
SAL_CA2667AA_AS,1,,,1,,,,1,1.1,,1,,,,1,1.5,,1,,,2,,,,1,1.2,,,,,,,1,,,1,,,,1,1.1,,1,,,1,1.5,,,1,
SAL_CA2668AA_AS,1,,,1,,,,1,,,1,,,,1,,,1,,,,,,,,,,,,,1,,1,,,1,,,,1,,,1,,,1,,,,,
SAL_CA2685AA_AS,1,,,1,1.6,,,1,1.5,,1,,,,1,1.9,,1,,,,,,,8,,,,,,16,,1,,,1,1.7,,,1,1.5,,1,1.6,,1,1.10,,,,
SAL_CA2693AA_AS,1,,,1,,,,1,,,1,,,,1,,,1,,,,,,,,,,,,,,,1,,,1,,,,1,,,1,,,1,,,,,
SAL_CA2702AA_AS,1,,,1,,,,1,1.1,,1,,,,1,1.5,,1,,,2,,,,1,1.2,,,,,,,1,,,1,,,,1,1.1,,1,,,1,1.5,,,1,
SAL_CA2721AA_AS,1,,,1,,,,1,1.1,,1,,,,1,,,1,,,,,,,1,,,,,,,,1,,,1,,,,1,1.1,,1,,,1,,,,1,
SAL_CA2739AA_AS,1,,,1,,,,1,1.1,,1,,,,1,,,1,,,,,,,1,,,,,,,,1,,,1,,,,1,1.1,,1,,,1,,,,1,
SAL_CA2765AA_AS,1,,,1,,,,1,1.1,,1,,,,1,,,1,,,,,,,1,,,,,,8,,1,,,1,,,,1,1.1,,1,,,1,,,,1,
SAL_CA2782AA_AS,1,,,1,,,,1,,,1,,,,1,,,1,1.13,,,,,,,,,,,,,,1,,,1,,,,1,,,1,,,1,,,,12,
SAL_CA2792AA_AS,1,,,1,,,,1,1.1,,1,,,,1,,,1,,,,,,,1,,,,,,,,1,,,1,,,,1,1.1,,1,,,1,,,,1,
SAL_CA2813AA_AS,1,,,1,,,,1,1.1,,1,,,,1,,,1,,,,,,,1,,,,,,,,1,,,1,,,,1,1.1,,1,,,1,,,,1,
SAL_CA2833AA_AS,1,,,1,,,,1,1.1,,1,,,,1,,,1,,,,,,,1,,,,,,,,1,,,1,,,,1,1.1,,1,,,1,,,,1,
SAL_CA2848AA_AS,1,,,1,,,,1,,,1,,,,1,,,1,,,,,,,2,,,,,,,,1,,,1,,,,1,,,1,,,1,,,,2,
SAL_CA2856AA_AS,1,,,1,,,,1,,,1,,,,1,,,1,,,,,,,2,,,,,,,,1,,,1,,,,1,,,1,,,1,,,,2,
SAL_CA2872AA_AS,1,,,1,,,,1,,,1,,,,1,,,1,1.13,,,,,,,,,,,,,,1,,,1,,,,1,,,1,,,1,,,,12,
SAL_CA2891AA_AS,1,,,1,,,,1,1.1,,1,,,,1,,,1,,,,,,,1,,,,,,,,1,,,1,,,,1,1.1,,1,,,1,,,,1,
SAL_CA2919AA_AS,1,,,1,,,,1,1.1,,1,,,,1,,,1,,,,,,,1,,,,,,8,,1,,,1,,,,1,1.1,,1,,,1,,,,1,
SAL_CA2937AA_AS,1,,,1,,,,1,,,1,,,,1,,,1,,,,,,,,,,,,,,,1,,,1,,,,1,,,1,,,1,,,,,
SAL_CA2946AA_AS,1,,,1,,,,1,1.1,,1,,,,1,,,1,,,,,,,1,,,,,,8,,1,,,1,,,,1,1.1,,1,,,1,,,,1,
SAL_CA2973AA_AS,1,,,1,,,,1,,,1,,,,1,,,1,1.13,,,,,,,,,,,,,,1,,,1,,,,1,,,1,,,1,,,,12,
SAL_CA2979AA_AS,1,1.3,,1,,,,1,1.3,,1,1.3,,,1,1.3,,1,1.5,,,,4,,4,,5,,,,9,,1,1.3,,1,1.4,,,1,1.3,,1,1.4,,1,1.7,,,6,
SAL_CA3014AA_AS,1,,,1,,,,1,,,1,,,,1,,,1,,,,,,,2,,,,,,,,1,,,1,,,,1,,,1,,,1,,,,2,
SAL_CA3062AA_AS,1,,,1,,,,1,,,1,,,,1,,,1,,,,,,,,,,,,,1,,1,,,1,,,,1,,,1,,,1,,,,,
SAL_CA3068AA_AS,1,1.13,,1,,,,1,1.14,,1,,,,1,,,1,,,11,,,,12,,,,,,17,,1,1.13,,1,,,,1,1.14,,1,1.14,,1,,,,,
SAL_CA3083AA_AS,1,1.13,,1,,,,1,1.14,,1,,,,1,,,1,,,11,,,,12,,,,,,17,,1,1.13,,1,,,,1,1.14,,1,1.14,,1,,,,,
SAL_CA3121AA_AS,1,,,1,,,,1,1.1,,1,,,,1,,,1,,,,,,,1,,,,,,8,,1,,,1,,,,1,1.1,,1,,,1,,,,1,
SAL_CA3126AA_AS,1,,,1,,,,1,,,1,,,,1,,,1,,,,,,,2,,,,,,,,1,,,1,,,,1,,,1,,,1,,,,2,
SAL_CA3141AA_AS,1,1.13,,1,,,,1,1.14,,1,,,,1,,,1,,,11,,,,12,,,,,,17,,1,1.13,,1,,,,1,1.14,,1,1.14,,1,,,,,
SAL_CA3167AA_AS,1,1.13,,1,,,,1,1.14,,1,,,,1,,,1,,,11,,,,12,,,,,,17,,1,1.13,,1,,,,1,1.14,,1,1.14,,1,,,,,
SAL_CA3192AA_AS,1,,,1,,,,1,,,1,,,,1,,,1,,,,,,,2,,,,,,,,1,,,1,,,,1,,,1,,,1,,,,2,
SAL_CA3225AA_AS,1,,,1,,,,1,,,1,,,,1,,,1,,,,,,,2,,,,,,,,1,,,1,,,,1,,,1,,,1,,,,2,
SAL_CA3256AA_AS,1,,,1,,,,1,,,1,,,,1,,,1,,,,,,,2,,,,,,,,1,,,1,,,,1,,,1,,,1,,,,2,
SAL_CA3289AA_AS,1,,,1,,,,1,,,1,,,,1,,,1,,,,,,,2,,,,,,,,1,,,1,,,,1,,,1,,,1,,,,2,
SAL_CA3569AA_AS,1,,,1,,,,1,,,1,,,,1,,,1,,,,,,,,,,,,,,,1,,,1,,,,1,,,1,,,1,,,,,
SAL_CA3585AA_AS,2,,,2,,,,2,,,2,,,,2,,,2,,,,,10,,6,,,,12,,26,,2,,,2,,,,2,,,2,,,2,,,,10,
SAL_CA4494AA_AS,1,,,1,,,,1,,,1,,,,1,,,1,1.15,,,,15,,,,,,,,,,1,,,1,1.12,,,1,,,1,,,1,,,,13,
SAL_CA4574AA_AS,1,,,1,,,,1,,,1,,,,1,,,1,,,,,,,2,,,,,,,,1,,,1,,,,1,,,1,,,1,,,,2,
SAL_CA4586AA_AS,1,1.2,,1,,,,1,,,1,,,,1,1.4,,1,,,,,3,,,,3,,3,,11,,1,1.2,,1,,,,1,,,1,,,1,1.4,,,,
SAL_CA4601AA_AS,1,,,1,,,,1,1.1,,1,,,,1,,,1,,,,,,,1,,,,,,,,1,,,1,,,,1,1.1,,1,,,1,,,,1,
SAL_CA4611AA_AS,1,,,1,,,,1,1.1,,1,,,,1,,,1,,,,,,,1,,,,,,,,1,,,1,,,,1,1.1,,1,,,1,,,,1,
SAL_CA4617AA_AS,1,1.14,,1,1.14,,,1,1.1,1.1.4,1,1.11,,,1,1.12,,1,1.20,,12,,19,,1,1.6,15,,15,,21,,1,1.14,,1,1.17,,,1,1.1,1.1.4,1,1.18,,1,1.13,,,1,1.3
SAL_CA4619AA_AS,1,,,1,1.2,,,1,1.1,,1,,,,1,,,1,1.4,,,,2,,1,1.1,,,,,5,,1,,,1,1.2,,,1,1.1,,1,1.3,,1,,,,1,
SAL_CA4633AA_AS,1,1.10,,1,1.10,,,1,1.1,,1,1.8,,,1,1.16,,1,,,,,,,1,,11,,,,,27,1,1.10,,1,1.11,,,1,1.1,,1,1.12,,1,1.12,,,1,1.2
SAL_CA4635AA_AS,1,1.3,,1,,,,1,1.3,,1,1.3,,,1,1.3,,1,1.5,,,,4,,4,,5,,,,9,,1,1.3,,1,1.4,,,1,1.3,,1,1.4,,1,1.7,,,6,
SAL_CA4641AA_AS,1,1.10,,1,1.10,,,1,1.1,,1,1.8,,,1,1.16,,1,,,,,,,1,,11,,,,,27,1,1.10,,1,1.11,,,1,1.1,,1,1.12,,1,1.12,,,1,1.2
SAL_CA4643AA_AS,1,,,1,,,,1,,,1,,,,1,,,1,,,,,,,,,,,,,,,1,,,1,,,,1,,,1,1.2,,1,,,,,
SAL_CA4652AA_AS,1,1.1,,1,1.1,1.1.2,,1,1.2,,1,1.2,,,1,1.2,1.2.2,1,1.1,,,,,,,,,,,,,,1,1.1,,1,1.1,,,1,1.2,,1,1.2,,1,1.2,,,,
SAL_CA4657AA_AS,1,1.1,,1,1.1,1.1.2,,1,1.2,,1,1.2,,,1,1.2,1.2.2,1,1.1,,,,,,,,,,,,,,1,1.1,,1,1.1,,,1,1.2,,1,1.2,,1,1.2,,,,
SAL_CA4663AA_AS,1,1.1,,1,1.1,,,1,1.2,1.2.1,1,1.2,1.2.2,,1,1.2,,1,1.1,,4,,,,,,9,,7,,20,,1,1.1,,1,1.1,,,1,1.2,1.2.1,1,1.2,,1,1.2,1.2.2,,8,
SAL_CA4667AA_AS,1,,,1,,,,1,1.1,,1,,,,1,,,1,,,,,,,1,,,,,,,,1,,,1,,,,1,1.1,,1,,,1,,,,1,
SAL_CA4671AA_AS,1,,,1,1.2,,,1,1.1,,1,,,,1,,,1,1.4,,,,2,,1,1.1,,,,,5,,1,,,1,1.2,,,1,1.1,,1,1.3,,1,,,,1,
SAL_CA4675AA_AS,1,1.8,,1,,,,1,,,1,,,,1,,,1,1.12,,8,,,,11,,10,,,,,,1,1.8,,1,,,,1,,,1,1.9,,1,,,,,
SAL_CA4683AA_AS,1,,,1,1.2,,,1,1.1,,1,,,,1,,,1,1.4,,,,2,,1,1.1,,,,,5,,1,,,1,1.2,,,1,1.1,,1,1.3,,1,,,,1,
SAL_CA4687AA_AS,1,,,1,1.7,,,1,,,1,1.1,,,1,1.1,,1,,,7,,,,,,1,,1,,2,,1,,,1,1.9,,,1,,,1,1.1,,1,1.1,,,3,
SAL_CA4691AA_AS,1,,,1,1.2,,,1,1.1,,1,,,,1,,,1,1.4,,,,2,,1,1.1,,,,,5,,1,,,1,1.2,,,1,1.1,,1,1.3,,1,,,,1,
SAL_CA4694AA_AS,1,,,1,,,,1,,,1,,,,1,,,1,,,,,14,,,,,,,,,,1,,,1,,,,1,,,1,,,1,,,,,
SAL_CA4704AA_AS,1,,,1,,,,1,,,1,,,,1,,,1,,,,,,,,,,,,,,,1,,,1,,,,1,,,1,,,1,,,,,
SAL_CA4706AA_AS,1,,,1,,,,1,1.1,,1,,,,1,,,1,,,,,,,1,,,,,,,,1,,,1,,,,1,1.1,,1,,,1,,,,1,
SAL_CA4710AA_AS,1,,,1,1.2,,,1,1.1,,1,,,,1,,,1,1.4,,,,2,,1,1.1,,,,,5,,1,,,1,1.2,,,1,1.1,,1,1.3,,1,,,,1,
SAL_CA4832AA_AS,1,,,1,,,,1,1.1,,1,,,,1,,,1,,,,,,,1,,,,,,,,1,,,1,,,,1,1.1,,1,,,1,,,,1,
SAL_CA4838AA_AS,1,,,1,,,,1,,,1,,,,1,,,1,,,,,,,,,,,,,,,1,,,1,,,,1,,,1,,,1,,,,,
SAL_CA4840AA_AS,1,,,1,,,,1,1.1,,1,,,,1,,,1,,,,,,,1,,,,,,,,1,,,1,,,,1,1.1,,1,,,1,,,,1,
SAL_CA4844AA_AS,1,,,1,,,,1,,,1,,,,1,,,1,,,,,,,2,,,,,,,,1,,,1,,,,1,,,1,,,1,,,,2,
SAL_CA4848AA_AS,1,,,1,,,,1,1.1,,1,,,,1,1.5,,1,,,2,,,,1,1.2,,,,,,,1,,,1,,,,1,1.1,,1,,,1,1.5,,,1,
SAL_CA4854AA_AS,1,,,1,,,,1,1.1,,1,,,,1,1.5,,1,,,2,,,,1,1.2,,,,,,,1,,,1,,,,1,1.1,,1,,,1,1.5,,,1,
SAL_CA4860AA_AS,1,,,1,,,,1,1.1,,1,,,,1,,,1,,,,,,,1,,,,,,8,,1,,,1,,,,1,1.1,,1,,,1,,,,1,
SAL_CA4864AA_AS,1,,,1,,,,1,,,1,,,,1,1.19,,1,,,,,18,,,,,,14,,,,1,,,1,,,,1,,,1,1.16,,1,,,,,
SAL_CA4866AA_AS,1,,,1,,,,1,1.1,,1,,,,1,1.12,,1,,,,,,,1,,,,,,21,,1,,,1,,,,1,1.1,,1,,,1,,,,1,
SAL_CA4872AA_AS,1,,,1,,,,1,1.1,,1,,,,1,,,1,,,,,,,1,,,,,,8,,1,,,1,,,,1,1.1,,1,,,1,,,,1,
SAL_CA4878AA_AS,1,,,1,,,,1,1.1,,1,,,,1,1.12,,1,,,,,,,1,,,,,,21,,1,,,1,,,,1,1.1,,1,,,1,,,,1,
SAL_CA4883AA_AS,1,,,1,,,,1,1.1,,1,,,,1,,,1,,,,,,,1,,,,,,8,,1,,,1,,,,1,1.1,,1,,,1,,,,1,
SAL_CA4884AA_AS,1,,,1,1.2,,,1,1.1,,1,,,,1,,,1,1.4,,,,2,,1,1.1,,,,,5,,1,,,1,1.2,,,1,1.1,,1,1.3,,1,,,,1,
SAL_CA4885AA_AS,1,,,1,,,,1,,,1,,,,1,,,1,,,,,,,,,,,,,,,1,,,1,,,,1,,,1,,,1,,,,,
SAL_CA4886AA_AS,1,,,1,,,,1,1.1,1.1.3,1,,,,1,,,1,,,,,,,1,1.5,,,,,,,1,,,1,,,,1,1.1,1.1.3,1,,,1,,,,1,
SAL_CA4889AA_AS,1,,,1,,,,1,,,1,,,,1,,,1,,,,,,,,,,,,,,,1,,,1,,,,1,,,1,,,1,,,,,
SAL_CA4892AA_AS,1,,,1,,,,1,,,1,,,,1,,,1,,,,,,,,,,,,,,,1,,,1,,,,1,,,1,,,1,,,,,
SAL_CA4893AA_AS,1,,,1,,,,1,,,1,,,,1,,,1,,,,,,,,,,,,,,,1,,,1,,,,1,,,1,,,1,,,,11,
SAL_CA4899AA_AS,1,1.1,,1,1.1,,,1,1.2,,1,1.2,,,1,1.2,,1,1.1,,,,,,,,,,,,,,1,1.1,,1,1.1,,,1,1.2,,1,1.2,,1,1.2,,,,
SAL_CA4903AA_AS,1,1.1,,1,1.1,1.1.2,,1,1.2,,1,1.2,,,1,1.2,1.2.2,1,1.1,,,,,,,,,,,,,,1,1.1,,1,1.1,,,1,1.2,,1,1.2,,1,1.2,,,,
SAL_CA4906AA_AS,1,,,1,,,,1,,,1,,,,1,,,1,1.13,,,,,,,,,,,,,,1,,,1,,,,1,,,1,,,1,,,,12,
SAL_CA4910AA_AS,1,,,1,,,,1,1.1,1.1.3,1,,,,1,,,1,,,,,,,1,1.5,,,,,,,1,,,1,,,,1,1.1,1.1.3,1,,,1,,,,1,
SAL_CA4913AA_AS,1,1.1,,1,1.1,1.1.2,,1,1.2,,1,1.2,,,1,1.2,1.2.2,1,1.1,,,,,,,,,,,,,,1,1.1,,1,1.1,,,1,1.2,,1,1.2,,1,1.2,,,,
SAL_CA4915AA_AS,1,,,1,,,,1,,,1,,,,1,,,1,,,,,,,,,,,,,,,1,,,1,,,,1,,,1,1.2,,1,,,,,
SAL_CA4921AA_AS,1,,,1,1.2,,,1,1.1,,1,,,,1,,,1,1.4,,,,2,,1,1.1,,,,,5,,1,,,1,1.2,,,1,1.1,,1,1.3,,1,,,,1,
SAL_CA4923AA_AS,1,,,1,1.2,,,1,1.1,,1,,,,1,,,1,1.4,,,,2,,1,1.1,,,,,5,,1,,,1,1.2,,,1,1.1,,1,1.3,,1,,,,1,
SAL_CA4924AA_AS,1,,,1,1.2,,,1,1.1,,1,,,,1,,,1,1.4,,,,2,,1,1.1,,,,,5,,1,,,1,1.2,,,1,1.1,,1,1.3,,1,,,,1,
SAL_CA4927AA_AS,1,,,1,1.2,,,1,1.1,,1,,,,1,,,1,1.4,,,,2,,1,1.1,,,,,5,,1,,,1,1.2,,,1,1.1,,1,1.3,,1,,,,1,
SAL_CA4928AA_AS,1,,,1,,,,1,1.1,,1,,,,1,,,1,,,,,,,1,,,,,,,,1,,,1,,,,1,1.1,,1,,,1,,,,1,
SAL_CA4931AA_AS,1,,,1,,,,1,,,1,,,,1,,,1,,,,,,,,,,,,,13,,1,,,1,,,,1,,,1,,,1,,,,,
SAL_CA4932AA_AS,1,,,1,,,,1,1.1,,1,,,,1,,,1,,,,,,,1,,,,,,,,1,,,1,,,,1,1.1,,1,,,1,,,,1,
SAL_CA4934AA_AS,1,,,1,1.2,,,1,1.1,,1,,,,1,,,1,1.4,,,,2,,1,1.1,,,,,5,,1,,,1,1.2,,,1,1.1,,1,1.3,,1,,,,1,
SAL_CA4936AA_AS,1,,,1,,,,1,1.1,,1,,,,1,,,1,,,,,,,1,1.3,,,,,,,1,,,1,,,,1,1.1,,1,,,1,,,,1,
SAL_CA4940AA_AS,1,,,1,,,,1,,,1,,,,1,,,1,,,,,,,,,,,,,13,,1,,,1,,,,1,,,1,,,1,,,,,
SAL_CA4941AA_AS,1,,,1,,,,1,1.1,,1,,,,1,,,1,,,,,,,1,,,,,,,,1,,,1,,,,1,1.1,,1,,,1,,,,1,
SAL_CA4943AA_AS,1,1.1,,1,1.1,,,1,1.2,1.2.1,1,1.2,1.2.2,,1,1.2,,1,1.1,,4,,,,,,9,,7,,20,,1,1.1,,1,1.1,,,1,1.2,1.2.1,1,1.2,,1,1.2,1.2.2,,8,
SAL_CA4947AA_AS,1,1.1,,1,1.1,,,1,1.2,1.2.1,1,1.2,1.2.2,,1,1.2,,1,1.1,,4,,,,,,9,,7,,20,,1,1.1,,1,1.1,,,1,1.2,1.2.1,1,1.2,,1,1.2,1.2.2,,8,
SAL_CA4948AA_AS,1,,,1,,,,1,,,1,,,,1,,,1,,,,,,,,,,,,,6,,1,,,1,,,,1,,,1,,,1,,,,,
SAL_CA4951AA_AS,1,1.1,,1,1.1,,,1,1.2,1.2.1,1,1.2,1.2.2,,1,1.2,,1,1.1,,4,,,,,,9,,7,,20,,1,1.1,,1,1.1,,,1,1.2,1.2.1,1,1.2,,1,1.2,1.2.2,,8,
SAL_CA4952AA_AS,1,1.1,,1,1.1,,,1,1.2,,1,1.2,,,1,1.2,,1,1.1,,,,,,,,,,,,,,1,1.1,,1,1.1,,,1,1.2,,1,1.2,,1,1.2,,,,
SAL_CA4956AA_AS,1,,,1,,,,1,,,1,,,,1,,,1,,,,,,,,,,,,,17,,1,,,1,,,,1,,,1,,,1,,,,,
SAL_CA4957AA_AS,1,,,1,,,,1,,,1,,,,1,,,1,,,,,,,2,,,,,,,,1,,,1,,,,1,,,1,,,1,,,,2,
SAL_CA4958AA_AS,1,,,1,,,,1,1.1,,1,,,,1,,,1,,,,,,,1,1.3,,,,,,,1,,,1,,,,1,1.1,,1,,,1,,,,1,
SAL_CA4965AA_AS,1,,,1,,,,1,,,1,,,,1,,,1,,,,,,,2,,,,,,,,1,,,1,,,,1,,,1,,,1,,,,2,
SAL_CA4966AA_AS,1,,,1,,,,1,,,1,,,,1,,,1,1.3,,,,,,,,,,,,,,1,,,1,,,,1,,,1,,,1,,,,4,
SAL_CA4967AA_AS,1,,,1,,,,1,,,1,,,,1,,,1,1.6,,,,,,2,,,,,,12,,1,,,1,,,,1,,,1,,,1,,,,2,
SAL_CA4970AA_AS,1,,,1,,,,1,1.1,,1,,,,1,,,1,,,,,,,1,,,,,,,,1,,,1,,,,1,1.1,,1,,,1,,,,1,
SAL_CA4971AA_AS,1,,,1,,,,1,,,1,,,,1,,,1,,,,,,,,,,,,,,,1,,,1,,,,1,,,1,,,1,,,,,
SAL_CA4975AA_AS,1,,,1,,,,1,,,1,,,,1,,,1,1.6,,,,,,2,,,,,,12,,1,,,1,,,,1,,,1,,,1,,,,2,
SAL_CA4979AA_AS,1,,,1,,,,1,,,1,,,,1,,,1,,,,,,,2,,,,,,,,1,,,1,,,,1,,,1,,,1,,,,2,
SAL_CA4980AA_AS,1,,,1,,,,1,,,1,,,,1,,,1,1.3,,,,,,,,,,,,,,1,,,1,,,,1,,,1,,,1,,,,4,
SAL_CA4984AA_AS,1,,,1,,,,1,1.1,,1,,,,1,,,1,,,,,,,1,,,,,,8,,1,,,1,,,,1,1.1,,1,,,1,,,,1,
SAL_CA4985AA_AS,1,,,1,,,,1,,,1,,,,1,,,1,,,,,,,2,,,,,,,,1,,,1,,,,1,,,1,,,1,,,,2,
SAL_CA4987AA_AS,1,1.1,,1,1.1,,,1,1.2,1.2.2,1,1.2,,,1,1.2,1.2.1,1,1.1,1.1.1,,,,,,,,,11,,25,,1,1.1,,1,1.1,,,1,1.2,1.2.2,1,1.2,,1,1.2,,,,
SAL_CA4988AA_AS,1,,,1,,,,1,,,1,,,,1,,,1,,,,,,,,,,,,,13,,1,,,1,,,,1,,,1,,,1,,,,,
SAL_CA4991AA_AS,1,,,1,1.2,,,1,1.1,,1,,,,1,,,1,1.4,,,,2,,1,1.1,,,,,5,,1,,,1,1.2,,,1,1.1,,1,1.3,,1,,,,1,
SAL_CA4994AA_AS,1,,,1,,,,1,1.1,,1,,,,1,,,1,,,,,,,1,1.3,,,,,,,1,,,1,,,,1,1.1,,1,,,1,,,,1,
SAL_CA4995AA_AS,1,,,1,1.2,,,1,1.1,,1,,,,1,,,1,1.4,,,,2,,1,1.1,,,,,5,,1,,,1,1.2,,,1,1.1,,1,1.3,,1,,,,1,
SAL_CA4996AA_AS,1,,,1,,,,1,1.1,,1,,,,1,,,1,,,,,,,1,,,,,,,,1,,,1,,,,1,1.1,,1,,,1,,,,1,
SAL_CA4999AA_AS,1,,,1,,,,1,,,1,,,,1,,,1,,,,,,,,,,,,,,,1,,,1,,,,1,,,1,,,1,,,,,
SAL_CA5000AA_AS,1,,,1,,,,1,,,1,,,,1,,,1,,,,,,,,,,,,,17,,1,,,1,,,,1,,,1,,,1,,,,,
SAL_CA5004AA_AS,1,,,1,,,,1,,,1,,,,1,,,1,,,,,,,,,,,,,17,,1,,,1,,,,1,,,1,,,1,,,,,
SAL_CA5005AA_AS,1,1.1,,1,1.1,,,1,1.2,1.2.2,1,1.2,,,1,1.2,1.2.1,1,1.1,1.1.1,,,,,,,,,11,,25,,1,1.1,,1,1.1,,,1,1.2,1.2.2,1,1.2,,1,1.2,,,,
SAL_CA5009AA_AS,1,,,1,,,,1,,,1,,,,1,,,1,1.3,,,,,,,,,,,,,,1,,,1,,,,1,,,1,,,1,,,,4,
SAL_CA5012AA_AS,1,,,1,,,,1,1.1,,1,,,,1,,,1,,,,,,,1,,,,,,8,,1,,,1,,,,1,1.1,,1,,,1,,,,1,
SAL_CA5013AA_AS,1,1.8,,1,,,,1,,,1,,,,1,,,1,1.12,,8,,,,11,,10,,,,,,1,1.8,,1,,,,1,,,1,1.9,,1,,,,,
SAL_CA5021AA_AS,1,,,1,,,,1,1.1,,1,,,,1,,,1,,,,,,,1,,,,,,,,1,,,1,,,,1,1.1,,1,,,1,,,,1,
SAL_CA5024AA_AS,1,,,1,,,,1,1.1,1.1.3,1,,,,1,,,1,,,,,,,1,1.5,,,,,,,1,,,1,,,,1,1.1,1.1.3,1,,,1,,,,1,
SAL_CA5025AA_AS,1,1.3,,1,,,,1,1.3,,1,1.3,,,1,1.3,,1,1.5,,,,4,,4,,5,,,,9,,1,1.3,,1,1.4,,,1,1.3,,1,1.4,,1,1.7,,,6,
SAL_CA5028AA_AS,1,,,1,,,,1,1.1,1.1.3,1,,,,1,,,1,,,,,,,1,1.5,,,,,,,1,,,1,,,,1,1.1,1.1.3,1,,,1,,,,1,
SAL_CA5029AA_AS,1,1.14,,1,1.14,,,1,1.1,1.1.4,1,1.11,,,1,1.12,,1,1.20,,12,,19,,1,1.6,15,,15,,21,,1,1.14,,1,1.17,,,1,1.1,1.1.4,1,1.18,,1,1.13,,,1,1.3
SAL_CA5031AA_AS,1,1.1,,1,1.1,,,1,1.2,,1,1.2,,,1,1.2,,1,1.1,,,,,,,,,,,,,,1,1.1,,1,1.1,,,1,1.2,,1,1.2,,1,1.2,,,,
SAL_CA5032AA_AS,1,1.3,,1,,,,1,1.3,,1,1.3,,,1,1.3,,1,1.5,,,,4,,4,,5,,,,9,,1,1.3,,1,1.4,,,1,1.3,,1,1.4,,1,1.7,,,6,
SAL_CA5035AA_AS,1,,,1,,,,1,,,1,,,,1,,,1,1.3,,,,,,,,,,,,,,1,,,1,,,,1,,,1,,,1,,,,4,
SAL_CA5036AA_AS,1,,,1,,,,1,1.1,1.1.3,1,,,,1,,,1,,,,,,,1,1.5,,,,,,,1,,,1,,,,1,1.1,1.1.3,1,,,1,,,,1,
SAL_CA5038AA_AS,1,,,1,,,,1,1.1,,1,,,,1,,,1,,,,,,,1,,,,,,8,,1,,,1,,,,1,1.1,,1,,,1,,,,1,
SAL_CA5039AA_AS,1,,,1,,,,1,,,1,,,,1,,,1,,,,,,,,,,,,,,,1,,,1,,,,1,,,1,,,1,,,,,
SAL_CA5041AA_AS,1,1.5,,1,1.5,,,1,,,1,1.4,,,1,1.8,,1,1.7,,,,6,,,,6,,4,,15,,1,1.5,,1,1.6,,,1,,,1,1.5,,1,1.8,,,7,
SAL_CA5044AA_AS,1,1.14,,1,1.14,,,1,1.1,1.1.4,1,1.11,,,1,1.12,,1,1.20,,12,,19,,1,1.6,15,,15,,21,,1,1.14,,1,1.17,,,1,1.1,1.1.4,1,1.18,,1,1.13,,,1,1.3
SAL_CA5048AA_AS,1,,,1,,,,1,,,1,,,,1,,,1,,,,,,,,,,,,,,,1,,,1,,,,1,,,1,,,1,,,,,
SAL_CA5049AA_AS,1,1.1,,1,1.1,,,1,1.2,,1,1.2,,,1,1.2,,1,1.1,,,,,,,,,,,,,,1,1.1,,1,1.1,,,1,1.2,,1,1.2,,1,1.2,,,,
SAL_CA5051AA_AS,1,,,1,,,,1,,,1,,,,1,,,1,,,,,,,2,,,,,,,,1,,,1,,,,1,,,1,,,1,,,,2,
SAL_CA5052AA_AS,1,,,1,,,,1,,,1,,,,1,,,1,,,,,,,,,,,,,17,,1,,,1,,,,1,,,1,,,1,,,,,
SAL_CA5056AA_AS,1,,,1,,,,1,,,1,,,,1,,,1,,,,,,,2,,,,,,,,1,,,1,,,,1,,,1,,,1,,,,2,
SAL_CA5058AA_AS,1,1.1,,1,1.1,1.1.3,,1,1.2,1.2.2,1,1.2,1.2.3,,1,1.2,1.2.1,1,1.1,1.1.1,,,20,,,,,,11,,25,,1,1.1,,1,1.1,1.1.2,,1,1.2,1.2.2,1,1.2,1.2.1,1,1.2,1.2.3,,16,
SAL_CA5059AA_AS,1,,,1,,,,1,,,1,,,,1,,,1,,,,,,,,,,,,,,,1,,,1,,,,1,,,1,,,1,,,,,
SAL_CA5061AA_AS,1,,,1,,,,1,,,1,,,,1,,,1,1.3,,,,,,,,,,,,,,1,,,1,,,,1,,,1,,,1,,,,4,
SAL_CA5065AA_AS,1,,,1,,,,1,,,1,,,,1,,,1,1.3,,,,,,,,,,,,,,1,,,1,,,,1,,,1,,,1,,,,4,
SAL_CA5066AA_AS,1,,,1,,,,1,,,1,,,,1,,,1,,,,,,,,,,,,,,,1,,,1,,,,1,,,1,,,1,,,,,
SAL_CA5069AA_AS,1,,,1,,,,1,1.1,,1,,,,1,,,1,,,,,,,1,,,,,,,,1,,,1,,,,1,1.1,,1,,,1,,,,1,
SAL_CA5070AA_AS,1,,,1,,,,1,,,1,,,,1,,,1,,,,,,,,,,,,,,,1,,,1,,,,1,,,1,,,1,,,,,
SAL_CA5074AA_AS,1,1.1,,1,1.1,1.1.3,,1,1.2,1.2.2,1,1.2,1.2.3,,1,1.2,1.2.1,1,1.1,1.1.1,,,20,,,,,,11,,25,,1,1.1,,1,1.1,1.1.2,,1,1.2,1.2.2,1,1.2,1.2.1,1,1.2,1.2.3,,16,
SAL_CA5077AA_AS,1,,,1,,,,1,,,1,,,,1,,,1,,,,,,,,,,,,,,,1,,,1,,,,1,,,1,,,1,,,,,
SAL_CA5078AA_AS,1,,,1,,,,1,,,1,,,,1,,,1,,,,,,,,,,,,,13,,1,,,1,,,,1,,,1,,,1,,,,,
SAL_CA5079AA_AS,1,,,1,,,,1,,,1,,,,1,,,1,1.3,,,,,,,,,,,,,,1,,,1,,,,1,,,1,,,1,,,,4,
SAL_CA5082AA_AS,1,1.1,,1,1.1,1.1.3,,1,1.2,1.2.2,1,1.2,1.2.3,,1,1.2,1.2.1,1,1.1,1.1.1,,,20,,,,,,11,,25,,1,1.1,,1,1.1,1.1.2,,1,1.2,1.2.2,1,1.2,1.2.1,1,1.2,1.2.3,,16,
SAL_CA5083AA_AS,1,,,1,,,,1,,,1,,,,1,,,1,,,,,,,,,,,,,,,1,,,1,,,,1,,,1,,,1,,,,11,
SAL_CA5086AA_AS,1,1.1,,1,1.1,1.1.3,,1,1.2,1.2.2,1,1.2,1.2.3,,1,1.2,1.2.1,1,1.1,1.1.1,,,20,,,,,,11,,25,,1,1.1,,1,1.1,1.1.2,,1,1.2,1.2.2,1,1.2,1.2.1,1,1.2,1.2.3,,16,
SAL_CA5089AA_AS,1,1.1,,1,1.1,1.1.3,,1,1.2,1.2.2,1,1.2,1.2.3,,1,1.2,1.2.1,1,1.1,1.1.1,,,20,,,,,,11,,25,,1,1.1,,1,1.1,1.1.2,,1,1.2,1.2.2,1,1.2,1.2.1,1,1.2,1.2.3,,16,
SAL_CA5095AA_AS,1,,,1,,,,1,,,1,,,,1,,,1,,,,,,,,,,,,,,,1,,,1,,,,1,,,1,,,1,,,,,
SAL_CA5096AA_AS,1,,,1,,,,1,,,1,,,,1,,,1,,,,,,,,,,,,,,,1,,,1,,,,1,,,1,,,1,,,,,
SAL_CA5100AA_AS,1,,,1,,,,1,,,1,,,,1,,,1,,,,,,,,,,,,,,,1,,,1,,,,1,,,1,,,1,,,,,
SAL_CA5101AA_AS,1,,,1,,,,1,,,1,,,,1,,,1,1.3,,,,,,,,,,,,,,1,,,1,,,,1,,,1,,,1,,,,4,
SAL_CA5103AA_AS,1,,,1,,,,1,1.1,,1,,,,1,,,1,,,,,,,1,,,,,,,,1,,,1,,,,1,1.1,,1,,,1,,,,1,
SAL_CA5108AA_AS,1,,,1,,,,1,,,1,,,,1,,,1,1.3,,,,,,,,,,,,,,1,,,1,,,,1,,,1,,,1,,,,4,
SAL_CA5109AA_AS,1,,,1,,,,1,,,1,,,,1,,,1,1.3,,,,,,,,,,,,,,1,,,1,,,,1,,,1,,,1,,,,4,
SAL_CA5113AA_AS,1,,,1,,,,1,,,1,,,,1,,,1,,,,,,,,,,,,,,,1,,,1,,,,1,,,1,,,1,,,,,
SAL_CA5115AA_AS,1,,,1,,,,1,,,1,,,,1,,,1,,,,,,,2,,,,,,,,1,,,1,,,,1,,,1,,,1,,,,2,
SAL_CA5118AA_AS,1,,,1,,,,1,,,1,,,,1,,,1,,,,,,,2,,,,,,,,1,,,1,,,,1,,,1,,,1,,,,2,
SAL_CA5128AA_AS,1,,,1,,,,1,,,1,,,,1,,,1,,,,,,,2,,,,,,,,1,,,1,,,,1,,,1,,,1,,,,2,
SAL_CA5133AA_AS,1,,,1,,,,1,,,1,,,,1,,,1,,,,,,,2,,,,,,,,1,,,1,,,,1,,,1,,,1,,,,2,
SAL_CA5137AA_AS,1,,,1,,,,1,1.1,,1,,,,1,,,1,,,,,,,1,1.3,,,,,,,1,,,1,,,,1,1.1,,1,,,1,,,,1,
SAL_CA5139AA_AS,1,,,1,,,,1,,,1,,,,1,,,1,,,,,,,,,,,,,,,1,,,1,,,,1,,,1,,,1,,,,,
SAL_CA5146AA_AS,1,,,1,,,,1,1.1,,1,,,,1,,,1,,,,,,,1,1.3,,,,,,,1,,,1,,,,1,1.1,,1,,,1,,,,1,
SAL_CA5152AA_AS,1,,,1,,,,1,,,1,,,,1,1.19,,1,,,,,18,,,,,,14,,,,1,,,1,,,,1,,,1,1.16,,1,,,,,
SAL_CA5155AA_AS,1,,,1,,,,1,,,1,,,,1,,,1,1.3,,,,,,,,,,,,,14,1,,,1,,,,1,,,1,,,1,,,,4,
SAL_CA5156AA_AS,1,,,1,,,,1,,,1,,,,1,,,1,,,,,,,,,,,,,,,1,,,1,,,,1,,,1,,,1,,,,,
SAL_CA5159AA_AS,1,,,1,,,,1,,,1,,,,1,,,1,,,,,,,,,,,,,13,,1,,,1,,,,1,,,1,,,1,,,,,
SAL_CA5160AA_AS,1,,,1,,,,1,1.1,,1,,,,1,,,1,,,,,,,1,,,,,,,,1,,,1,,,,1,1.1,,1,,,1,,,,1,
SAL_CA5163AA_AS,1,,,1,,,,1,,,1,,,,1,,,1,1.3,,,,,,,,,,,,,14,1,,,1,,,,1,,,1,,,1,,,,4,
SAL_CA5164AA_AS,1,,,1,,,,1,,,1,,,,1,,,1,,,,,,,,,,,,,,,1,,,1,,,,1,,,1,,,1,,,,,
SAL_CA5166AA_AS,1,,,1,,,,1,1.1,,1,,,,1,,,1,,,,,,,1,1.3,,,,,,,1,,,1,,,,1,1.1,,1,,,1,,,,1,
SAL_CA5167AA_AS,1,,,1,,,,1,,,1,,,,1,,,1,,,,,,,,,,,,,13,,1,,,1,,,,1,,,1,,,1,,,,,
SAL_CA5169AA_AS,1,,,1,,,,1,,,1,,,,1,,,1,,,,,,,,,,,,,13,,1,,,1,,,,1,,,1,,,1,,,,,
SAL_CA5172AA_AS,1,1.8,,1,,,,1,,,1,,,,1,,,1,1.12,,8,,,,11,,10,,,,,,1,1.8,,1,,,,1,,,1,1.9,,1,,,,,
SAL_CA5173AA_AS,1,,,1,,,,1,,,1,,,,1,,,1,,,,,,,,,,,,,,,1,,,1,,,,1,,,1,,,1,,,,11,
SAL_CA5174AA_AS,1,,,1,,,,1,1.1,,1,,,,1,,,1,,,,,,,1,,,,,,,,1,,,1,,,,1,1.1,,1,,,1,,,,1,
SAL_CA5178AA_AS,1,,,1,,,,1,,,1,,,,1,,,1,,,,,,,,,,,,,,,1,,,1,,,,1,,,1,,,1,,,,,
SAL_CA5179AA_AS,1,,,1,,,,1,,,1,,,,1,,,1,1.3,,,,,,,,,,,,,,1,,,1,,,,1,,,1,,,1,,,,4,
SAL_CA5184AA_AS,1,1.1,,1,1.1,,,1,1.2,,1,1.2,,,1,1.2,,1,1.1,,,,,,,,,,,,,,1,1.1,,1,1.1,,,1,1.2,,1,1.2,,1,1.2,,,,
SAL_CA5185AA_AS,1,,,1,,,,1,,,1,,,,1,,,1,1.3,,,,,,,,,,,,,,1,,,1,,,,1,,,1,,,1,,,,4,
SAL_CA5190AA_AS,1,,,1,,,,1,,,1,,,,1,,,1,,,,,,,,,,,,,,,1,,,1,,,,1,,,1,,,1,,,,,
SAL_CA5197AA_AS,1,1.8,,1,,,,1,,,1,,,,1,,,1,1.12,,8,,,,11,,10,,,,,,1,1.8,,1,,,,1,,,1,1.9,,1,,,,,
SAL_CA5199AA_AS,1,1.8,,1,,,,1,,,1,,,,1,,,1,1.12,,8,,,,11,,10,,,,,,1,1.8,,1,,,,1,,,1,1.9,,1,,,,,
SAL_CA5200AA_AS,1,,,1,,,,1,,,1,,,,1,,,1,1.3,,,,,,,,,,,,,,1,,,1,,,,1,,,1,,,1,,,,4,
SAL_CA5206AA_AS,1,,,1,,,,1,1.11,,1,1.9,,,1,1.17,,1,,,,,16,,,,,,,,,30,1,,,1,1.13,,,1,1.11,,1,1.13,,1,,,,,
SAL_CA5207AA_AS,1,1.8,,1,,,,1,,,1,,,,1,,,1,1.12,,8,,,,11,,10,,,,,,1,1.8,,1,,,,1,,,1,1.9,,1,,,,,
SAL_CA5208AA_AS,1,,,1,,,,1,,,1,,,,1,,,1,,,,,,,,,,,,,13,,1,,,1,,,,1,,,1,,,1,,,,,
SAL_CA5210AA_AS,1,,,1,,,,1,,,1,,,,1,,,1,,,,,,,,,,,,,,,1,,,1,,,,1,,,1,,,1,,,,,
SAL_CA5211AA_AS,1,,,1,,,,1,,,1,,,,1,,,1,,,6,,,,10,,,,10,,22,,1,,,1,,,,1,,,1,,,1,,,,,
SAL_CA5213AA_AS,1,,,1,,,,1,1.1,,1,,,,1,,,1,,,,,,,1,,,,,,,,1,,,1,,,,1,1.1,,1,,,1,,,,1,
SAL_CA5216AA_AS,1,1.1,,1,1.1,,,1,1.2,,1,1.2,,,1,1.2,,1,1.1,,,,,,,,,,,,,,1,1.1,,1,1.1,,,1,1.2,,1,1.2,,1,1.2,,,,
SAL_CA5218AA_AS,1,1.3,,1,,,,1,1.3,,1,1.3,,,1,1.3,,1,1.5,,,,4,,4,,5,,,,9,,1,1.3,,1,1.4,,,1,1.3,,1,1.4,,1,1.7,,,6,
SAL_CA5220AA_AS,1,,,1,,,,1,1.1,,1,,,,1,,,1,,,,,,,1,,,,,,,,1,,,1,,,,1,1.1,,1,,,1,,,,1,
SAL_CA5222AA_AS,1,,,1,,,,1,,,1,,,,1,,,1,,,,,,,,,,,,,,,1,,,1,,,,1,,,1,,,1,,,,,
SAL_CA5223AA_AS,1,,,1,,,,1,,,1,,,,1,,,1,,,,,,,2,,,,,,18,,1,,,1,,,,1,,,1,,,1,,,,2,
SAL_CA5224AA_AS,1,,,1,,,,1,,,1,,,,1,,,1,1.13,,,,,,,,,,,,,,1,,,1,,,,1,,,1,,,1,,,,12,
SAL_CA5228AA_AS,1,,,1,,,,1,,,1,,,,1,,,1,1.6,,,,,,2,,,,,,12,,1,,,1,,,,1,,,1,,,1,,,,2,
SAL_CA5229AA_AS,1,,,1,,,,1,1.1,,1,,,,1,,,1,,,,,,,1,,,,,,,,1,,,1,,,,1,1.1,,1,,,1,,,,1,
SAL_CA5232AA_AS,1,,,1,,,,1,,,1,,,,1,,,1,,,,,,,2,,,,,,,,1,,,1,,,,1,,,1,,,1,,,,2,
SAL_CA5233AA_AS,1,,,1,,,,1,1.1,,1,,,,1,,,1,,,,,,,1,,,,,,,,1,,,1,,,,1,1.1,,1,,,1,,,,1,
SAL_CA5236AA_AS,1,,,1,,,,1,,,1,,,,1,,,1,,,,,,,2,,,,,,,,1,,,1,,,,1,,,1,,,1,,,,2,
SAL_CA5239AA_AS,1,,,1,,,,1,,,1,,,,1,,,1,,,,,,,,,,,,,,,1,,,1,,,,1,,,1,1.2,,1,,,,,
SAL_CA5240AA_AS,1,,,1,,,,1,,,1,,,,1,,,1,1.6,,,,,,2,,,,,,12,,1,,,1,,,,1,,,1,,,1,,,,2,
SAL_CA5243AA_AS,1,1.1,,1,1.1,,,1,1.2,,1,1.2,,,1,1.2,,1,1.1,,,,,,,,,,,,,,1,1.1,,1,1.1,,,1,1.2,,1,1.2,,1,1.2,,,,
SAL_CA5244AA_AS,1,,,1,,,,1,,,1,,,,1,,,1,,,,,,,2,,,,,,,,1,,,1,,,,1,,,1,,,1,,,,2,
SAL_CA5247AA_AS,1,1.1,,1,1.1,1.1.1,1.1.1.1,1,1.2,,1,1.2,1.2.1,1.2.1.1,1,1.2,,1,1.1,,,,,,,,8,8.1,6,6.1,19,19.1,1,1.1,,1,1.1,1.1.1,1.1.1.1,1,1.2,,1,1.2,,1,1.2,1.2.1,1.2.1.1,,
SAL_CA5250AA_AS,1,,,1,,,,1,,,1,,,,1,,,1,,,,,,,2,,,,,,,,1,,,1,,,,1,,,1,,,1,,,,2,
SAL_CA5251AA_AS,1,,,1,,,,1,,,1,,,,1,,,1,,,,,,,,,,,,,,,1,,,1,,,,1,,,1,,,1,,,,,
SAL_CA5252AA_AS,1,,,1,,,,1,,,1,,,,1,,,1,1.6,,,,,,2,,,,,,12,,1,,,1,,,,1,,,1,,,1,,,,2,
SAL_CA5255AA_AS,1,1.1,,1,1.1,1.1.1,1.1.1.1,1,1.2,,1,1.2,1.2.1,1.2.1.1,1,1.2,,1,1.1,,,,,,,,8,8.1,6,6.1,19,19.1,1,1.1,,1,1.1,1.1.1,1.1.1.1,1,1.2,,1,1.2,,1,1.2,1.2.1,1.2.1.1,,
SAL_CA5256AA_AS,1,,,1,,,,1,,,1,,,,1,,,1,,,,,,,2,,,,,,,,1,,,1,,,,1,,,1,,,1,,,,2,
SAL_CA5259AA_AS,1,1.1,,1,1.1,1.1.1,1.1.1.1,1,1.2,,1,1.2,1.2.1,1.2.1.1,1,1.2,,1,1.1,,,,,,,,8,8.1,6,6.1,19,19.1,1,1.1,,1,1.1,1.1.1,1.1.1.1,1,1.2,,1,1.2,,1,1.2,1.2.1,1.2.1.1,,
SAL_CA5262AA_AS,1,,,1,,,,1,,,1,,,,1,,,1,1.6,,,,,,2,,,,,,12,,1,,,1,,,,1,,,1,,,1,,,,2,
SAL_CA5263AA_AS,1,1.10,,1,1.10,,,1,1.1,,1,1.8,,,1,1.16,,1,,,,,,,1,,11,,,,,27,1,1.10,,1,1.11,,,1,1.1,,1,1.12,,1,1.12,,,1,1.2
SAL_CA5266AA_AS,1,,,1,,,,1,,,1,,,,1,,,1,,,,,,,2,,,,,,,,1,,,1,,,,1,,,1,,,1,,,,2,
SAL_CA5267AA_AS,1,,,1,,,,1,1.1,,1,,,,1,,,1,,,,,,,1,1.3,,,,,,,1,,,1,,,,1,1.1,,1,,,1,,,,1,
SAL_CA5274AA_AS,1,,,1,,,,1,,,1,,,,1,,,1,,,,,,,2,,,,,,,,1,,,1,,,,1,,,1,,,1,,,,2,
SAL_CA5278AA_AS,1,1.9,,1,,,,1,,,1,1.6,,,1,1.10,,1,,,,,12,,,,,,9,,,,1,1.9,,1,,,,1,,,1,,,1,,,,,
SAL_CA5279AA_AS,1,,,1,,,,1,,,1,,,,1,,,1,,,,,,,,,,,,,,,1,,,1,,,,1,,,1,,,1,,,,,
SAL_CA5280AA_AS,1,,,1,,,,1,,,1,,,,1,,,1,,,,,,,,,,,,,,,1,,,1,,,,1,,,1,,,1,,,,,
SAL_CA5283AA_AS,1,,,1,,,,1,,,1,,,,1,,,1,,,,,,,,,,,,,,,1,,,1,,,,1,,,1,,,1,,,,,
SAL_CA5284AA_AS,1,1.1,,1,1.1,,,1,1.2,1.2.1,1,1.2,1.2.2,,1,1.2,,1,1.1,,4,,,,,,9,,7,,20,,1,1.1,,1,1.1,,,1,1.2,1.2.1,1,1.2,,1,1.2,1.2.2,,8,
SAL_CA5287AA_AS,1,,,1,,,,1,1.1,,1,,,,1,,,1,,,,,,,1,,,,,,,,1,,,1,,,,1,1.1,,1,,,1,,,,1,
SAL_CA5290AA_AS,1,1.1,,1,1.1,,,1,1.2,1.2.1,1,1.2,1.2.2,,1,1.2,,1,1.1,,4,,,,,,9,,7,,20,,1,1.1,,1,1.1,,,1,1.2,1.2.1,1,1.2,,1,1.2,1.2.2,,8,
SAL_CA5291AA_AS,1,1.1,,1,1.1,,,1,1.2,,1,1.2,,,1,1.2,,1,1.1,,,,,,,,,,,,,,1,1.1,,1,1.1,,,1,1.2,,1,1.2,,1,1.2,,,,
SAL_CA5295AA_AS,1,1.1,,1,1.1,,,1,1.2,,1,1.2,,,1,1.2,,1,1.1,,,,,,,,,,,,,,1,1.1,,1,1.1,,,1,1.2,,1,1.2,,1,1.2,,,,
SAL_CA5299AA_AS,1,1.3,,1,,,,1,1.3,,1,1.3,,,1,1.3,,1,1.5,,,,4,,4,,5,,,,9,,1,1.3,,1,1.4,,,1,1.3,,1,1.4,,1,1.7,,,6,
SAL_CA5302AA_AS,2,,,2,,,,2,,,2,,,,2,,,2,,,,,10,,6,,,,12,,26,,2,,,2,,,,2,,,2,,,2,,,,10,
SAL_CA5303AA_AS,1,,,1,,,,1,1.1,,1,,,,1,,,1,,,,,,,1,,,,,,,,1,,,1,,,,1,1.1,,1,,,1,,,,1,
SAL_CA5304AA_AS,2,,,2,,,,2,,,2,,,,2,,,2,,,,,10,,6,,,,12,,26,,2,,,2,,,,2,,,2,,,2,,,,10,
SAL_CA5305AA_AS,1,1.1,,1,1.1,,,1,1.2,,1,1.2,,,1,1.2,,1,1.1,,,,,,,,,,,,,,1,1.1,,1,1.1,,,1,1.2,,1,1.2,,1,1.2,,,,
SAL_CA5311AA_AS,1,,,1,,,,1,1.1,,1,,,,1,,,1,,,,,,,1,,,,,,,,1,,,1,,,,1,1.1,,1,,,1,,,,1,
SAL_CA5313AA_AS,1,,,1,,,,1,1.1,,1,,,,1,,,1,,,,,,,1,1.3,,,,,,,1,,,1,,,,1,1.1,,1,,,1,,,,1,
SAL_CA5319AA_AS,1,,,1,,,,1,1.1,,1,,,,1,,,1,,,,,,,1,,,,,,8,,1,,,1,,,,1,1.1,,1,,,1,,,,1,
SAL_CA5322AA_AS,1,,,1,,,,1,1.1,,1,,,,1,,,1,,,,,,,1,,,,,,,,1,,,1,,,,1,1.1,,1,,,1,,,,1,
SAL_CA5325AA_AS,1,,,1,1.6,1.6.1,,1,1.5,,1,1.10,,,1,1.9,,1,1.18,,,,17,,8,,12,,,,16,,1,,,1,1.7,1.7.1,,1,1.5,,1,1.6,1.6.1,1,1.10,1.10.1,,,
SAL_CA5328AA_AS,1,,,1,,,,1,1.1,,1,,,,1,,,1,,,,,,,1,,,,,,8,,1,,,1,,,,1,1.1,,1,,,1,,,,1,
SAL_CA5331AA_AS,1,,,1,,,,1,1.1,,1,,,,1,,,1,,,,,,,1,,,,,,,,1,,,1,,,,1,1.1,,1,,,1,,,,1,
SAL_CA5334AA_AS,1,,,1,,,,1,,,1,,,,1,,,1,,,,,,,2,,,,,,,,1,,,1,,,,1,,,1,,,1,,,,2,
SAL_CA5338AA_AS,1,,,1,,,,1,,,1,,,,1,,,1,,,,,,,2,,,,,,,,1,,,1,,,,1,,,1,,,1,,,,2,
SAL_CA5340AA_AS,1,,,1,,,,1,1.1,,1,,,,1,,,1,,,,,,,1,,,,,,,,1,,,1,,,,1,1.1,,1,,,1,,,,1,
SAL_CA5341AA_AS,1,1.1,,1,1.1,,,1,1.2,,1,1.2,,,1,1.2,,1,1.1,,,,,,,,,,,,,,1,1.1,,1,1.1,,,1,1.2,,1,1.2,,1,1.2,,,,
SAL_CA5367AA_AS,1,1.5,,1,1.5,,,1,,,1,1.4,,,1,1.8,,1,1.7,,,,6,,,,6,,4,,15,,1,1.5,,1,1.6,,,1,,,1,1.5,,1,1.8,,,7,
SAL_CA5376AA_AS,1,,,1,1.6,1.6.1,,1,1.5,,1,1.10,,,1,1.9,,1,1.18,,,,17,,8,,12,,,,16,,1,,,1,1.7,1.7.1,,1,1.5,,1,1.6,1.6.1,1,1.10,1.10.1,,,
SAL_CA5403AA_AS,1,,,1,,,,1,1.1,,1,,,,1,,,1,,,,,,,1,,,,,,,,1,,,1,,,,1,1.1,,1,,,1,,,,1,
SAL_CA5422AA_AS,1,1.1,,1,1.1,1.1.2,,1,1.2,,1,1.2,,,1,1.2,1.2.2,1,1.1,,,,,,,,,,,,,,1,1.1,,1,1.1,,,1,1.2,,1,1.2,,1,1.2,,,,
SAL_CA5448AA_AS,1,,,1,1.2,,,1,1.1,,1,,,,1,,,1,1.4,,,,2,,1,1.1,,,,,5,,1,,,1,1.2,,,1,1.1,,1,1.3,,1,,,,1,
SAL_CA5476AA_AS,1,,,1,,,,1,1.1,,1,,,,1,,,1,,,,,,,1,,,,,,8,,1,,,1,,,,1,1.1,,1,,,1,,,,1,
SAL_CA5506AA_AS,1,,,1,,,,1,,,1,,,,1,1.14,,1,1.14,,9,,11,,5,,2,,,,10,,1,,,1,,,,1,,,1,1.10,,1,,,,5,
SAL_CA5524AA_AS,1,,,1,,,,1,,,1,,,,1,,,1,1.8,,,,,,7,,,,,,,,1,,,1,,,,1,,,1,,,1,1.9,,,,
SAL_CA5543AA_AS,1,1.8,,1,,,,1,,,1,,,,1,,,1,1.12,,8,,,,11,,10,,,,,,1,1.8,,1,,,,1,,,1,1.9,,1,,,,,
SAL_CA5561AA_AS,1,1.3,,1,,,,1,1.3,,1,1.3,,,1,1.3,,1,1.5,,,,4,,4,,5,,,,9,,1,1.3,,1,1.4,,,1,1.3,,1,1.4,,1,1.7,,,6,
SAL_CA5567AA_AS,1,1.1,,1,1.1,1.1.2,,1,1.2,,1,1.2,,,1,1.2,1.2.2,1,1.1,,,,,,,,,,,,,,1,1.1,,1,1.1,,,1,1.2,,1,1.2,,1,1.2,,,,
SAL_CA5571AA_AS,1,,,1,,,,1,1.1,,1,,,,1,,,1,,,,,,,1,,,,,,,,1,,,1,,,,1,1.1,,1,,,1,,,,1,
SAL_CA5573AA_AS,1,,,1,,,,1,,,1,,,,1,1.14,,1,1.14,,9,,11,,5,,2,,,,10,,1,,,1,,,,1,,,1,1.10,,1,,,,5,
SAL_CA5575AA_AS,1,,,1,,,,1,,,1,,,,1,1.14,,1,1.14,,9,,11,,5,,2,,,,10,,1,,,1,,,,1,,,1,1.10,,1,,,,5,
SAL_CA5577AA_AS,1,,,1,,,,1,,,1,,,,1,1.14,,1,1.14,,9,,11,,5,,2,,,,10,,1,,,1,,,,1,,,1,1.10,,1,,,,5,
SAL_CA5588AA_AS,1,,,1,,,,1,,,1,,,,1,1.14,,1,1.14,,9,,11,,5,,2,,,,10,,1,,,1,,,,1,,,1,1.10,,1,,,,5,
SAL_CA5616AA_AS,1,,,1,,,,1,,,1,,,,1,1.14,,1,1.14,,9,,11,,5,,2,,,,10,,1,,,1,,,,1,,,1,1.10,,1,,,,5,
SAL_CA5625AA_AS,1,,,1,,,,1,,,1,,,,1,1.14,,1,1.14,,9,,11,,5,,2,,,,10,,1,,,1,,,,1,,,1,1.10,,1,,,,5,
SAL_CA5644AA_AS,1,,,1,,,,1,1.1,,1,,,,1,,,1,,,,,,,1,,,,,,,,1,,,1,,,,1,1.1,,1,,,1,,,,1,
SAL_CA5670AA_AS,1,,,1,,,,1,,,1,,,,1,1.14,,1,1.14,,9,,11,,5,,2,,,,10,,1,,,1,,,,1,,,1,1.10,,1,,,,5,
SAL_CA5688AA_AS,1,,,1,,,,1,1.1,,1,,,,1,,,1,,,,,,,1,1.3,,,,,,,1,,,1,,,,1,1.1,,1,,,1,,,,1,
SAL_CA5696AA_AS,1,,,1,,,,1,1.1,,1,,,,1,,,1,,,,,,,1,,,,,,,,1,,,1,,,,1,1.1,,1,,,1,,,,1,
SAL_CA5705AA_AS,1,,,1,,,,1,1.1,,1,,,,1,,,1,,,,,,,1,1.3,,,,,,,1,,,1,,,,1,1.1,,1,,,1,,,,1,
SAL_CA5734AA_AS,1,,,1,,,,1,1.1,,1,,,,1,,,1,,,,,,,1,,,,,,,,1,,,1,,,,1,1.1,,1,,,1,,,,1,
SAL_CA5761AA_AS,1,,,1,,,,1,1.1,,1,,,,1,,,1,,,,,,,1,1.3,,,,,,,1,,,1,,,,1,1.1,,1,,,1,,,,1,
SAL_CA5770AA_AS,1,,,1,,,,1,1.1,,1,,,,1,,,1,,,,,,,1,1.3,,,,,,,1,,,1,,,,1,1.1,,1,,,1,,,,1,
SAL_CA5797AA_AS,1,,,1,,,,1,1.1,1.1.3,1,,,,1,,,1,,,,,,,1,1.5,,,,,,,1,,,1,,,,1,1.1,1.1.3,1,,,1,,,,1,
SAL_CA5803AA_AS,1,,,1,,,,1,1.1,1.1.3,1,,,,1,,,1,,,,,,,1,1.5,,,,,,,1,,,1,,,,1,1.1,1.1.3,1,,,1,,,,1,
SAL_CA5805AA_AS,1,,,1,1.5,,,1,,,1,1.4,,,1,,,1,1.7,,,,,,,,,,4,,15,,1,,,1,,,,1,,,1,,,1,,,,7,
SAL_CA5807AA_AS,1,,,1,,,,1,1.1,,1,,,,1,,,1,,,,,,,1,1.3,,,,,,,1,,,1,,,,1,1.1,,1,,,1,,,,1,
SAL_CA5832AA_AS,1,,,1,,,,1,,,1,,,,1,,,1,,,,,,,,,,,,,,,1,,,1,,,,1,,,1,,,1,,,,,
SAL_CA5884AA_AS,1,,,1,,,,1,,,1,,,,1,,,1,,,,,,,,,,,,,,,1,,,1,,,,1,,,1,,,1,,,,,
SAL_CA5891AA_AS,1,,,1,,,,1,,,1,,,,1,,,1,,,,,,,,,,,,,,,1,,,1,,,,1,,,1,,,1,,,,,
SAL_CA5894AA_AS,1,,,1,,,,1,1.1,,1,,,,1,1.5,,1,,,2,,,,1,1.2,,,,,,,1,,,1,,,,1,1.1,,1,,,1,1.5,,,1,
SAL_CA5895AA_AS,1,,,1,,,,1,1.1,,1,,,,1,,,1,,,,,,,1,,,,,,8,,1,,,1,,,,1,1.1,,1,,,1,,,,1,
SAL_CA5897AA_AS,1,,,1,,,,1,,,1,,,,1,,,1,,,,,,,,,,,,,13,,1,,,1,,,,1,,,1,,,1,,,,,
SAL_CA5900AA_AS,1,,,1,,,,1,,,1,,,,1,,,1,1.3,,,,,,,,,,,,,,1,,,1,,,,1,,,1,,,1,,,,4,
SAL_CA7288AA_AS,1,,,1,,,,1,,,1,,,,1,,,1,,,,,,,2,,,,,,18,,1,,,1,,,,1,,,1,,,1,,,,2,
SAL_EA1673AA_AS,1,,,1,,,,1,,,1,,,,1,,,1,1.2,,,,,,,,,,2,,3,,1,,,1,,,,1,,,1,,,1,,,,,
SAL_EA1732AA_AS,1,,,1,1.7,,,1,,,1,1.1,,,1,1.1,,1,,,7,,,,,,1,,1,,2,,1,,,1,1.9,,,1,,,1,1.1,,1,1.1,,,3,
SAL_EA1761AA_AS,1,,,1,,,,1,,,1,,,,1,,,1,,,,,,,2,,,,,,,,1,,,1,,,,1,,,1,,,1,,,,2,
SAL_EA1762AA_AS,,,,,,,,,,,,,,,,,,,,,,,,,,,,,,,,,,,,,,,,,,,,,,,,,,,
SAL_EA1763AA_AS,,,,,,,,,,,,,,,,,,,,,,,,,,,,,,,,,,,,,,,,,,,,,,,,,,,
SAL_EA1765AA_AS,,,,,,,,,,,,,,,,,,,,,,,,,,,,,,,,,,,,,,,,,,,,,,,,,,,
SAL_EA1766AA_AS,,,,,,,,,,,,,,,,,,,,,,,,,,,,,,,,,,,,,,,,,,,,,,,,,,,
SAL_EA1806AA_AS,1,,,1,1.3,,,1,,,1,1.1,1.1.1,,1,1.1,,1,,,1,,1,1.1,3,,1,1.1,1,,2,,1,,,1,1.3,,,1,,,1,1.1,,1,1.1,,,3,
SAL_EA1807AA_AS,1,,,1,1.3,,,1,,,1,1.1,1.1.1,,1,1.1,,1,,,1,,1,1.1,3,,1,1.1,1,,2,,1,,,1,1.3,,,1,,,1,1.1,,1,1.1,,,3,
SAL_EA1808AA_AS,1,,,1,1.3,,,1,,,1,1.1,1.1.1,,1,1.1,,1,,,1,,1,1.1,3,,1,1.1,1,,2,,1,,,1,1.3,,,1,,,1,1.1,,1,1.1,,,3,
SAL_EA1809AA_AS,1,,,1,1.3,,,1,,,1,1.1,1.1.1,,1,1.1,,1,,,1,,1,1.1,3,,1,1.1,1,,2,,1,,,1,1.3,,,1,,,1,1.1,,1,1.1,,,3,
SAL_EA1811AA_AS,1,,,1,,,,1,1.7,,1,1.1,1.1.2,,1,1.1,,1,1.11,,1,,1,,3,3.1,1,1.2,1,,2,2.1,1,,,1,,,,1,1.7,,1,1.1,1.1.1,1,1.1,,,3,3.1
SAL_EA1816AA_AS,1,1.7,,1,1.8,,,1,1.8,,1,,,,1,1.13,,1,,,,,9,,2,2.1,,,13,,24,,1,1.7,,1,,,,1,1.8,,1,1.8,,1,1.11,,,2,2.1
SAL_EA1824AA_AS,1,,,1,,,,1,,,1,,,,1,,,1,,,,,,,,,,,,,6,,1,,,1,,,,1,,,1,,,1,,,,,
SAL_EA1827AA_AS,1,,,1,,,,1,,,1,,,,1,,,1,,,,,,,,,,,,,1,,1,,,1,,,,1,,,1,,,1,,,,,
SAL_EA1828AA_AS,1,,,1,,,,1,,,1,,,,1,,,1,,,,,,,,,,,,,1,,1,,,1,,,,1,,,1,,,1,,,,,
SAL_EA1829AA_AS,1,,,1,,,,1,,,1,,,,1,,,1,,,,,,,,,,,,,1,,1,,,1,,,,1,,,1,,,1,,,,,
SAL_EA1830AA_AS,1,,,1,,,,1,,,1,,,,1,,,1,,,,,,,,,,,,,1,,1,,,1,,,,1,,,1,,,1,,,,,
SAL_EA1834AA_AS,1,,,1,,,,1,,,1,,,,1,,,1,,,,,,,,,,,,,6,,1,,,1,,,,1,,,1,,,1,,,,,
SAL_EA1836AA_AS,1,,,1,,,,1,,,1,,,,1,,,1,,,,,,,,,,,,,6,,1,,,1,,,,1,,,1,,,1,,,,,
SAL_EA1840AA_AS,1,,,1,,,,1,,,1,,,,1,,,1,,,,,,,,,,,,,6,,1,,,1,,,,1,,,1,,,1,,,,,
SAL_EA2836AA_AS,1,1.6,,1,,,,1,1.6,,1,1.5,,,1,1.11,,1,1.8,1.8.1,3,,7,,7,,7,,5,,,31,1,1.6,,1,1.8,,,1,1.6,,1,1.7,,1,1.9,,,9,
SAL_EA3057AA_AS,2,,,2,,,,2,,,2,,,,2,,,2,,,,,10,,6,,,,12,,26,,2,,,2,,,,2,,,2,,,2,,,,10,
SAL_EA3393AA_AS,1,1.3,,1,,,,1,1.3,,1,1.3,,,1,1.3,,1,1.5,,,,4,,4,,5,,,,9,,1,1.3,,1,1.4,,,1,1.3,,1,1.4,,1,1.7,,,6,
SAL_EA3468AA_AS,1,,,1,,,,1,1.1,,1,,,,1,,,1,,,,,,,1,,,,,,7,,1,,,1,,,,1,1.1,,1,,,1,1.3,,,1,
SAL_EA3649AA_AS,1,,,1,,,,1,,,1,,,,1,,,1,,,,,,,,,,,,,,,1,,,1,,,,1,,,1,,,1,,,,,
SAL_EA3651AA_AS,1,,,1,,,,1,,,1,,,,1,,,1,,,,,,,,,,,,,,,1,,,1,,,,1,,,1,,,1,,,,,
SAL_EA3654AA_AS,1,,,1,,,,1,1.1,1.1.2,1,,,,1,,,1,1.10,,,,,,1,,,,,,7,,1,,,1,,,,1,1.1,1.1.2,1,,,1,1.3,,,1,
SAL_EA3655AA_AS,1,1.5,1.5.1,1,1.5,,,1,1.13,,1,1.4,1.4.1,,1,1.8,1.8.1,1,1.7,1.7.1,,,6,6.1,,,6,6.1,4,,15,15.1,1,1.5,1.5.1,1,1.6,1.6.1,,1,1.13,,1,1.5,1.5.1,1,1.8,1.8.1,,7,7.1
SAL_EA3660AA_AS,1,,,1,,,,1,1.1,,1,,,,1,,,1,,,,,,,1,,,,,,7,,1,,,1,,,,1,1.1,,1,,,1,1.3,,,1,
SAL_EA3920AA_AS,1,,,1,,,,1,,,1,,,,1,,,1,,,,,,,2,,,,,,,,1,,,1,,,,1,,,1,,,1,,,,2,
SAL_EA4037AA_AS,1,1.1,,1,1.1,1.1.1,,1,1.2,,1,1.2,1.2.1,,1,1.2,,1,1.1,,,,,,,,8,,6,,19,,1,1.1,,1,1.1,1.1.1,,1,1.2,,1,1.2,,1,1.2,1.2.1,,,
SAL_EA4127AA_AS,1,,,1,,,,1,1.7,,1,1.1,1.1.2,,1,1.1,,1,1.11,,1,,1,,3,3.1,1,1.2,1,,2,2.1,1,,,1,,,,1,1.7,,1,1.1,1.1.1,1,1.1,,,3,3.1
SAL_EA4131AA_AS,1,,,1,,,,1,1.7,,1,1.1,1.1.2,,1,1.1,,1,1.11,,1,,1,,3,3.1,1,1.2,1,,2,2.1,1,,,1,,,,1,1.7,,1,1.1,1.1.1,1,1.1,,,3,3.1
SAL_EA4283AA_AS,1,,,1,1.3,,,1,,,1,1.1,1.1.1,,1,1.1,,1,1.17,,1,,1,1.1,3,,1,1.1,1,,2,2.2,1,,,1,1.3,,,1,,,1,1.1,,1,1.1,,,3,3.2
SAL_EA4284AA_AS,1,,,1,1.3,,,1,,,1,1.1,1.1.1,,1,1.1,,1,1.17,,1,,1,1.1,3,,1,1.1,1,,2,2.2,1,,,1,1.3,,,1,,,1,1.1,,1,1.1,,,3,3.2
SAL_EA4286AA_AS,1,,,1,,,,1,,,1,,,,1,,,1,,,,,,,,,,,,,1,,1,,,1,,,,1,,,1,,,1,,,,,
SAL_EA4294AA_AS,1,,,1,,,,1,,,1,,,,1,,,1,1.2,,,,,,,,,,2,,3,,1,,,1,,,,1,,,1,,,1,,,,,
SAL_EA4318AA_AS,1,,,1,,,,1,1.1,,1,,,,1,,,1,,,,,,,1,,,,,,8,,1,,,1,,,,1,1.1,,1,,,1,,,,1,
SAL_EA4393AA_AS,1,,,1,,,,1,,,1,,,,1,,,1,,,,,,,2,,,,,,,,1,,,1,,,,1,,,1,,,1,,,,2,
SAL_EA4394AA_AS,1,,,1,,,,1,,,1,,,,1,,,1,,,,,,,,,,,,,,,1,,,1,,,,1,,,1,,,1,,,,,
SAL_EA4398AA_AS,1,,,1,,,,1,,,1,,,,1,,,1,,,,,,,2,,,,,,,,1,,,1,,,,1,,,1,,,1,,,,2,
SAL_EA4402AA_AS,1,,,1,,,,1,,,1,,,,1,,,1,,,,,,,2,,,,,,,,1,,,1,,,,1,,,1,,,1,,,,2,
SAL_EA4405AA_AS,1,,,1,,,,1,,,1,,,,1,,,1,,,,,,,2,,,,,,,,1,,,1,,,,1,,,1,,,1,,,,2,
SAL_EA4408AA_AS,1,1.2,,1,,,,1,,,1,,,,1,1.4,,1,,,,,3,,,,3,,3,,11,,1,1.2,,1,,,,1,,,1,,,1,1.4,,,,
SAL_EA4433AA_AS,1,,,1,1.7,,,1,,,1,1.1,,,1,1.1,,1,,,7,,,,,,1,,1,,2,,1,,,1,1.9,,,1,,,1,1.1,,1,1.1,,,3,
SAL_EA4448AA_AS,1,,,1,,,,1,1.1,,1,,,,1,,,1,,,,,,,1,,,,,,4,,1,,,1,,,,1,1.1,,1,,,1,,,,1,1.1
SAL_EA4454AA_AS,1,,,1,,,,1,,,1,,,,1,,,1,,,,,,,2,,,,,,,,1,,,1,,,,1,,,1,,,1,,,,2,
SAL_EA4471AA_AS,1,,,1,1.3,,,1,,,1,1.1,1.1.1,,1,1.1,,1,,,1,,1,1.1,3,,1,1.1,1,,2,,1,,,1,1.3,,,1,,,1,1.1,,1,1.1,,,3,
SAL_EA4484AA_AS,1,,,1,,,,1,1.1,,1,,,,1,1.5,,1,,,2,,,,1,1.2,,,,,,,1,,,1,,,,1,1.1,,1,,,1,1.5,,,1,
SAL_EA4490AA_AS,1,1.6,,1,,,,1,1.6,,1,1.5,,,1,1.11,,1,1.8,1.8.1,3,,7,,7,,7,,5,,,31,1,1.6,,1,1.8,,,1,1.6,,1,1.7,,1,1.9,,,9,
SAL_EA4491AA_AS,1,1.6,,1,,,,1,1.6,,1,1.5,,,1,1.11,,1,1.8,1.8.1,3,,7,,7,,7,,5,,,31,1,1.6,,1,1.8,,,1,1.6,,1,1.7,,1,1.9,,,9,
SAL_EA4492AA_AS,1,,,1,,,,1,,,1,,,,1,,,1,1.2,,,,,,,,,,2,,3,,1,,,1,,,,1,,,1,,,1,,,,,
SAL_EA4497AA_AS,1,,,1,,,,1,,,1,,,,1,,,1,,,,,,,,,,,,,1,,1,,,1,,,,1,,,1,,,1,,,,,
SAL_EA4504AA_AS,1,1.7,,1,1.8,,,1,1.8,,1,,,,1,1.13,,1,,,,,9,,2,2.1,,,13,,24,,1,1.7,,1,,,,1,1.8,,1,1.8,,1,1.11,,,2,2.1
SAL_EA4512AA_AS,1,,,1,1.4,,,1,1.1,,1,,,,1,1.6,,1,,,,,,,1,,4,,,,4,,1,,,1,1.5,,,1,1.1,,1,,,1,1.6,,,1,1.1
SAL_EA4515AA_AS,1,,,1,,,,1,,,1,,,,1,,,1,,,,,,,,,,,,,1,,1,,,1,,,,1,,,1,,,1,,,,,
SAL_EA4519AA_AS,1,,,1,,,,1,,,1,1.1,,,1,1.1,,1,,,,,,,,,1,,1,,2,,1,,,1,,,,1,,,1,1.1,,1,1.1,,,3,
SAL_EA4522AA_AS,1,,,1,,,,1,,,1,,,,1,,,1,,,,,,,2,,,,,,,,1,,,1,,,,1,,,1,,,1,,,,2,
SAL_EA4533AA_AS,1,,,1,,,,1,1.1,,1,,,,1,,,1,,,,,,,1,1.3,,,,,,,1,,,1,,,,1,1.1,,1,,,1,,,,1,
SAL_EA4540AA_AS,1,,,1,,,,1,,,1,,,,1,,,1,,,,,,,,,,,,,1,,1,,,1,,,,1,,,1,,,1,,,,,
SAL_EA4560AA_AS,1,,,1,1.4,,,1,1.1,,1,,,,1,1.6,,1,,,,,,,1,,4,,,,4,,1,,,1,1.5,,,1,1.1,,1,,,1,1.6,,,1,1.1
SAL_EA4562AA_AS,1,,,1,1.4,,,1,1.1,,1,,,,1,1.6,,1,,,,,,,1,,4,,,,4,,1,,,1,1.5,,,1,1.1,,1,,,1,1.6,,,1,1.1
SAL_EA4564AA_AS,1,,,1,1.4,,,1,1.1,,1,,,,1,1.6,,1,,,,,,,1,,4,,,,4,,1,,,1,1.5,,,1,1.1,,1,,,1,1.6,,,1,1.1
SAL_EA4568AA_AS,1,,,1,,,,1,,,1,,,,1,,,1,,,,,,,2,,,,,,,,1,,,1,,,,1,,,1,,,1,,,,2,
SAL_EA4569AA_AS,1,,,1,,,,1,,,1,,,,1,,,1,,,,,,,,,,,,,1,,1,,,1,,,,1,,,1,,,1,,,,,
SAL_EA4571AA_AS,1,1.12,,1,,,,1,,,1,,,,1,,,1,,,,,,,,,,,,,1,,1,1.12,,1,,,,1,,,1,,,1,,,,,
SAL_EA4572AA_AS,1,,,1,,,,1,,,1,,,,1,,,1,1.2,,,,,,,,,,2,,3,,1,,,1,,,,1,,,1,,,1,,,,,
SAL_EA4574AA_AS,1,1.2,,1,,,,1,,,1,,,,1,1.4,,1,,,,,3,,,,3,,3,,11,,1,1.2,,1,,,,1,,,1,,,1,1.4,,,,
SAL_EA4576AA_AS,1,1.4,,1,,,,1,1.1,1.1.1,1,,,,1,1.7,,1,,,,,5,,1,1.4,,,,,4,,1,1.4,,1,,,,1,1.1,1.1.1,1,,,1,,,,1,1.1
SAL_EA4579AA_AS,1,,,1,,,,1,,,1,,,,1,,,1,1.2,,,,,,,,,,2,,3,,1,,,1,,,,1,,,1,,,1,,,,,
SAL_EA4583AA_AS,1,,,1,,,,1,,,1,,,,1,,,1,,,,,,,,,,,,,1,,1,,,1,,,,1,,,1,,,1,,,,,
SAL_EA4592AA_AS,1,1.4,,1,,,,1,1.1,1.1.1,1,,,,1,1.7,,1,,,,,5,,1,1.4,,,,,4,,1,1.4,,1,,,,1,1.1,1.1.1,1,,,1,,,,1,1.1
SAL_EA4598AA_AS,1,,,1,1.4,,,1,1.1,,1,,,,1,1.6,,1,,,,,,,1,,4,,,,4,,1,,,1,1.5,,,1,1.1,,1,,,1,1.6,,,1,1.1
SAL_EA4602AA_AS,1,,,1,1.6,,,1,1.5,,1,,,,1,1.9,,1,,,,,,,8,,,,,,16,,1,,,1,1.7,,,1,1.5,,1,1.6,,1,1.10,,,,
SAL_EA4611AA_AS,1,,,1,1.4,,,1,1.1,,1,,,,1,1.6,,1,,,,,,,1,,4,,,,4,,1,,,1,1.5,,,1,1.1,,1,,,1,1.6,,,1,1.1
SAL_EA4621AA_AS,1,,,1,,,,1,,,1,,,,1,,,1,1.2,,,,,,,,,,2,,3,,1,,,1,,,,1,,,1,,,1,,,,,
SAL_EA4640AA_AS,1,1.2,,1,,,,1,,,1,,,,1,1.4,,1,,,,,3,,,,3,,3,,11,,1,1.2,,1,,,,1,,,1,,,1,1.4,,,,
SAL_EA4642AA_AS,1,,,1,,,,1,,,1,,,,1,,,1,1.2,,,,,,,,,,2,,3,,1,,,1,,,,1,,,1,,,1,,,,,
SAL_EA4702AA_AS,1,,,1,1.4,,,1,1.1,,1,,,,1,1.6,,1,,,,,,,1,,4,,,,4,,1,,,1,1.5,,,1,1.1,,1,,,1,1.6,,,1,1.1
SAL_EA4711AA_AS,1,,,1,,,,1,1.1,,1,,,,1,,,1,,,,,,,1,,,,,,4,,1,,,1,,,,1,1.1,,1,,,1,,,,1,1.1
SAL_EA4727AA_AS,1,,,1,,,,1,1.1,,1,,,,1,,,1,,,,,,,1,1.3,,,,,,,1,,,1,,,,1,1.1,,1,,,1,,,,1,
SAL_EA4736AA_AS,1,,,1,,,,1,,,1,1.5,,,1,,,1,1.8,,3,,7,,7,,7,,5,,,,1,,,1,,,,1,,,1,1.7,,1,1.9,,,,
SAL_EA4737AA_AS,1,,,1,,,,1,,,1,,,,1,,,1,,,,,,,,,,,,,6,,1,,,1,,,,1,,,1,,,1,,,,,
SAL_EA4768AA_AS,1,,,1,,,,1,,,1,,,,1,,,1,,,,,,,,,,,,,1,,1,,,1,,,,1,,,1,,,1,,,,,
SAL_EA4772AA_AS,1,,,1,1.4,,,1,1.1,,1,,,,1,1.6,,1,,,,,,,1,,4,,,,4,,1,,,1,1.5,,,1,1.1,,1,,,1,1.6,,,1,1.1
SAL_EA4774AA_AS,1,,,1,1.4,,,1,1.1,,1,,,,1,1.6,,1,,,,,,,1,,4,,,,4,,1,,,1,1.5,,,1,1.1,,1,,,1,1.6,,,1,1.1
SAL_EA4775AA_AS,1,,,1,,,,1,1.1,,1,,,,1,,,1,,,,,,,1,,,,,,7,,1,,,1,,,,1,1.1,,1,,,1,1.3,,,1,
SAL_EA4781AA_AS,1,,,1,,,,1,,,1,,,,1,,,1,,,,,,,,,,,,,1,,1,,,1,,,,1,,,1,,,1,,,,,
SAL_EA4808AA_AS,1,1.2,,1,,,,1,,,1,,,,1,1.4,,1,,,,,3,,,,3,,3,,11,,1,1.2,,1,,,,1,,,1,,,1,1.4,,,,
SAL_EA4811AA_AS,1,,,1,1.9,,,1,,,1,1.7,,,1,1.15,,1,,,,,13,,,,,,1,,,,1,,,1,1.10,,,1,,,1,1.11,,1,1.1,,,,
SAL_EA4827AA_AS,1,,,1,,,,1,,,1,,,,1,,,1,,,,,,,,,,,,,1,,1,,,1,,,,1,,,1,,,1,,,,,
SAL_EA4830AA_AS,1,,,1,,,,1,1.1,,1,,,,1,,,1,,,,,,,1,,,,,,4,,1,,,1,,,,1,1.1,,1,,,1,,,,1,1.1
SAL_EA4835AA_AS,1,1.4,,1,,,,1,1.1,1.1.1,1,,,,1,1.7,,1,,,,,5,,1,1.4,,,,,4,,1,1.4,,1,,,,1,1.1,1.1.1,1,,,1,,,,1,1.1
SAL_EA4837AA_AS,1,,,1,,,,1,,,1,,,,1,,,1,,,,,,,,,,,,,1,,1,,,1,,,,1,,,1,,,1,,,,,
SAL_EA4849AA_AS,1,,,1,1.4,,,1,1.1,,1,,,,1,1.6,,1,,,,,,,1,,4,,,,4,,1,,,1,1.5,,,1,1.1,,1,,,1,1.6,,,1,1.1
SAL_EA4851AA_AS,1,1.2,,1,,,,1,,,1,,,,1,1.4,,1,,,,,3,,,,3,,3,,11,,1,1.2,,1,,,,1,,,1,,,1,1.4,,,,
SAL_EA4859AA_AS,1,1.2,,1,,,,1,,,1,,,,1,1.4,,1,,,,,3,,,,3,,3,,11,,1,1.2,,1,,,,1,,,1,,,1,1.4,,,,
SAL_EA4861AA_AS,1,,,1,,,,1,,,1,,,,1,,,1,,,,,,,2,,,,,,,,1,,,1,,,,1,,,1,,,1,,,,2,
SAL_EA4940AA_AS,1,,,1,,,,1,,,1,,,,1,,,1,,,,,,,,,,,,,6,,1,,,1,,,,1,,,1,,,1,,,,,
SAL_EA4941AA_AS,1,,,1,,,,1,,,1,,,,1,,,1,,,,,,,,,,,,,6,,1,,,1,,,,1,,,1,,,1,,,,,
SAL_EA4944AA_AS,1,,,1,,,,1,1.4,,1,1.1,,,1,1.1,,1,,,1,,1,,3,,1,,1,1.1,2,,1,,,1,,,,1,1.4,,1,1.1,,1,1.1,,,3,
SAL_EA4968AA_AS,1,1.6,,1,,,,1,1.6,,1,1.5,,,1,1.11,,1,1.8,,3,,7,,7,,7,,5,,,,1,1.6,,1,1.8,,,1,1.6,,1,1.7,,1,1.9,,,9,
SAL_EA4970AA_AS,1,,,1,,,,1,,,1,,,,1,,,1,,,,,,,,,,,,,6,,1,,,1,,,,1,,,1,,,1,,,,,
SAL_EA4973AA_AS,1,,,1,,,,1,,,1,,,,1,,,1,,,,,,,,,,,,,6,,1,,,1,,,,1,,,1,,,1,,,,,
SAL_EA5110AA_AS,1,,,1,1.9,,,1,,,1,1.7,,,1,1.15,,1,,,,,13,,,,,,1,,,,1,,,1,1.10,,,1,,,1,1.11,,1,1.1,,,,
SAL_EA5117AA_AS,1,,,1,1.9,,,1,,,1,1.7,,,1,1.15,,1,,,,,13,,,,,,1,,,,1,,,1,1.10,,,1,,,1,1.11,,1,1.1,,,,
SAL_EA5121AA_AS,1,,,1,,,,1,,,1,,,,1,,,1,,,,,,,,,,,,,1,,1,,,1,,,,1,,,1,,,1,,,,,
SAL_EA5128AA_AS,1,1.4,,1,,,,1,1.1,1.1.1,1,,,,1,1.7,,1,,,,,5,,1,1.4,,,,,4,,1,1.4,,1,,,,1,1.1,1.1.1,1,,,1,,,,1,1.1
SAL_EA5129AA_AS,1,,,1,1.6,,,1,1.5,,1,,,,1,1.9,,1,,,,,,,8,,,,,,16,,1,,,1,1.7,,,1,1.5,,1,1.6,,1,1.10,,,,
SAL_EA5130AA_AS,1,,,1,,,,1,,,1,,,,1,,,1,,,,,,,,,,,,,1,,1,,,1,,,,1,,,1,,,1,,,,,
SAL_EA5133AA_AS,1,,,1,,,,1,1.10,,1,,,,1,,,1,,,,,14,,,,,,,,,29,1,,,1,,,,1,1.10,,1,,,1,,,,,
SAL_EA5136AA_AS,1,,,1,,,,1,,,1,,,,1,,,1,,,,,,,,,,,,,1,,1,,,1,,,,1,,,1,,,1,,,,,
SAL_EA5203AA_AS,1,1.2,,1,,,,1,,,1,,,,1,1.4,,1,,,,,3,,,,3,,3,,11,,1,1.2,,1,,,,1,,,1,,,1,1.4,,,,
SAL_EA5210AA_AS,1,1.2,,1,,,,1,,,1,,,,1,1.4,,1,,,,,3,,,,3,,3,,11,,1,1.2,,1,,,,1,,,1,,,1,1.4,,,,
SAL_EA5221AA_AS,1,,,1,,,,1,,,1,,,,1,,,1,,,,,,,,,,,,,1,,1,,,1,,,,1,,,1,,,1,,,,,
SAL_EA5242AA_AS,1,,,1,,,,1,,,1,,,,1,,,1,,,,,,,,,,,,,,,1,,,1,,,,1,,,1,,,1,,,,,
SAL_EA5248AA_AS,1,,,1,,,,1,1.1,1.1.2,1,,,,1,,,1,1.10,,,,,,1,,,,,,7,,1,,,1,,,,1,1.1,1.1.2,1,,,1,1.3,,,1,
SAL_EA5253AA_AS,1,,,1,,,,1,,,1,,,,1,,,1,1.2,,,,,,,,,,2,,3,,1,,,1,,,,1,,,1,,,1,,,,,
SAL_EA5257AA_AS,1,,,1,,,,1,,,1,,,,1,,,1,,,,,,,,,,,,,,,1,,,1,,,,1,,,1,,,1,,,,,
SAL_EA5258AA_AS,1,,,1,,,,1,,,1,,,,1,,,1,,,,,,,,,,,,,,,1,,,1,,,,1,,,1,,,1,,,,,
SAL_EA5266AA_AS,1,,,1,,,,1,,,1,,,,1,,,1,,,,,,,,,,,,,1,,1,,,1,,,,1,,,1,,,1,,,,,
SAL_EA5281AA_AS,1,1.2,,1,,,,1,,,1,,,,1,1.4,,1,,,,,3,,,,3,,3,,11,,1,1.2,,1,,,,1,,,1,,,1,1.4,,,,
SAL_EA5291AA_AS,1,1.2,,1,,,,1,,,1,,,,1,1.4,,1,,,,,3,,,,3,,3,,11,,1,1.2,,1,,,,1,,,1,,,1,1.4,,,,
SAL_EA5294AA_AS,1,,,1,,,,1,,,1,,,,1,,,1,,,,,,,,,,,,,1,,1,,,1,,,,1,,,1,,,1,,,,,
SAL_EA5304AA_AS,1,,,1,,,,1,,,1,,,,1,,,1,,,,,,,,,,,,,1,,1,,,1,,,,1,,,1,,,1,,,,,
SAL_EA5306AA_AS,1,,,1,,,,1,,,1,,,,1,,,1,,,,,,,2,,,,,,,,1,,,1,,,,1,,,1,,,1,,,,2,
SAL_EA5311AA_AS,1,,,1,,,,1,,,1,,,,1,,,1,,,,,,,,,,,,,1,,1,,,1,,,,1,,,1,,,1,,,,,
SAL_EA5316AA_AS,1,,,1,,,,1,,,1,,,,1,,,1,,,,,,,,,,,,,1,,1,,,1,,,,1,,,1,,,1,,,,,
SAL_EA5343AA_AS,1,1.4,,1,,,,1,1.1,1.1.1,1,,,,1,1.7,,1,,,,,5,,1,1.4,,,,,4,,1,1.4,,1,,,,1,1.1,1.1.1,1,,,1,,,,1,1.1
SAL_EA5345AA_AS,1,,,1,1.9,,,1,,,1,1.7,,,1,1.15,,1,,,,,13,,,,,,1,,,,1,,,1,1.10,,,1,,,1,1.11,,1,1.1,,,,
SAL_EA5354AA_AS,1,,,1,1.4,,,1,1.1,,1,,,,1,1.6,,1,,,,,,,1,,4,,,,4,,1,,,1,1.5,,,1,1.1,,1,,,1,1.6,,,1,1.1
SAL_EA5355AA_AS,1,,,1,,,,1,,,1,,,,1,,,1,,,,,3,,,,3,,3,,11,,1,,,1,,,,1,,,1,,,1,1.4,,,,
SAL_EA5365AA_AS,1,,,1,,,,1,,,1,,,,1,,,1,,,,,,,,,,,,,1,,1,,,1,,,,1,,,1,,,1,,,,,
SAL_EA5415AA_AS,1,1.12,,1,,,,1,,,1,,,,1,,,1,,,,,,,,,,,,,1,,1,1.12,,1,,,,1,,,1,,,1,,,,,
SAL_EA5431AA_AS,1,,,1,,,,1,1.11,,1,1.9,,,1,1.17,,1,,,,,16,,,,,,,,,30,1,,,1,1.13,,,1,1.11,,1,1.13,,1,,,,,
SAL_EA5443AA_AS,1,,,1,,,,1,,,1,,,,1,,,1,1.2,,,,,,,,,,2,,3,,1,,,1,,,,1,,,1,,,1,,,,,
SAL_EA5450AA_AS,1,1.4,,1,,,,1,1.1,1.1.1,1,,,,1,1.7,,1,,,,,5,,1,1.4,,,,,4,,1,1.4,,1,,,,1,1.1,1.1.1,1,,,1,,,,1,1.1
SAL_EA5451AA_AS,1,,,1,,,,1,,,1,,,,1,,,1,,,,,,,,,,,,,6,,1,,,1,,,,1,,,1,,,1,,,,,
SAL_EA5452AA_AS,1,,,1,,,,1,,,1,,,,1,,,1,,,,,,,,,,,,,6,,1,,,1,,,,1,,,1,,,1,,,,,
SAL_EA5476AA_AS,1,1.12,,1,,,,1,,,1,,,,1,,,1,,,,,,,,,,,,,1,,1,1.12,,1,,,,1,,,1,,,1,,,,,
SAL_EA5497AA_AS,1,,,1,,,,1,1.1,,1,,,,1,,,1,,,,,,,1,,,,,,4,,1,,,1,,,,1,1.1,,1,,,1,,,,1,1.1
SAL_EA5506AA_AS,1,,,1,,,,1,1.10,,1,,,,1,,,1,,,,,14,,,,,,,,,29,1,,,1,,,,1,1.10,,1,,,1,,,,,
SAL_EA5547AA_AS,1,,,1,,,,1,,,1,,,,1,,,1,,,,,,,,,,,,,,,1,,,1,,,,1,,,1,,,1,,,,,
SAL_EA5562AA_AS,1,,,1,,,,1,,,1,,,,1,,,1,1.2,,,,,,,,,,2,,3,,1,,,1,,,,1,,,1,,,1,,,,,
SAL_EA5576AA_AS,1,,,1,,,,1,,,1,,,,1,,,1,1.2,,,,,,,,,,2,,3,,1,,,1,,,,1,,,1,,,1,,,,,
SAL_EA5577AA_AS,1,,,1,,,,1,,,1,,,,1,,,1,1.2,,,,,,,,,,2,,3,,1,,,1,,,,1,,,1,,,1,,,,,
SAL_EA5584AA_AS,1,,,1,,,,1,,,1,,,,1,,,1,1.2,,,,,,,,,,2,,3,,1,,,1,,,,1,,,1,,,1,,,,,
SAL_EA5595AA_AS,1,,,1,,,,1,,,1,,,,1,,,1,1.2,,,,,,,,,,2,,3,,1,,,1,,,,1,,,1,,,1,,,,,
SAL_EA5599AA_AS,1,1.7,,1,1.8,,,1,1.8,,1,,,,1,1.13,,1,,,,,9,,2,2.1,,,13,,24,,1,1.7,,1,,,,1,1.8,,1,1.8,,1,1.11,,,2,2.1
SAL_EA5600AA_AS,1,,,1,,,,1,,,1,,,,1,,,1,,,,,,,2,,,,,,,,1,,,1,,,,1,,,1,,,1,,,,2,
SAL_EA5611AA_AS,1,1.2,,1,,,,1,,,1,,,,1,1.4,,1,,,,,3,,,,3,,3,,11,,1,1.2,,1,,,,1,,,1,,,1,1.4,,,,
SAL_EA5616AA_AS,1,,,1,,,,1,1.1,,1,,,,1,,,1,,,,,,,1,,,,,,7,,1,,,1,,,,1,1.1,,1,,,1,1.3,,,1,
SAL_EA5627AA_AS,1,,,1,,,,1,,,1,,,,1,,,1,,,,,,,,,,,,,1,,1,,,1,,,,1,,,1,,,1,,,,,
SAL_EA5642AA_AS,1,,,1,,,,1,,,1,,,,1,,,1,,,,,,,,,,,,,1,,1,,,1,,,,1,,,1,,,1,,,,,
SAL_EA5644AA_AS,1,,,1,,,,1,,,1,,,,1,,,1,1.2,,,,,,,,,,2,,3,,1,,,1,,,,1,,,1,,,1,,,,,
SAL_EA5646AA_AS,1,,,1,,,,1,,,1,,,,1,,,1,1.2,,,,,,,,,,2,,3,,1,,,1,,,,1,,,1,,,1,,,,,
SAL_EA5660AA_AS,1,,,1,,,,1,,,1,,,,1,,,1,,,,,,,,,,,,,1,,1,,,1,,,,1,,,1,,,1,,,,,
SAL_EA5669AA_AS,1,,,1,,,,1,,,1,,,,1,,,1,,,,,,,,,,,,,1,,1,,,1,,,,1,,,1,,,1,,,,,
SAL_EA5736AA_AS,1,,,1,,,,1,,,1,,,,1,,,1,1.2,,,,,,,,,,2,,3,,1,,,1,,,,1,,,1,,,1,,,,,
SAL_EA5739AA_AS,1,,,1,,,,1,,,1,,,,1,,,1,,,,,,,2,,,,,,,,1,,,1,,,,1,,,1,,,1,,,,2,
SAL_EA5785AA_AS,1,1.9,,1,1.13,,,1,1.12,,1,1.6,,,1,1.10,,1,1.19,,,,12,,,,14,,9,,,32,1,1.9,,1,1.15,,,1,1.12,,1,1.15,,1,,,,,
SAL_EA5797AA_AS,1,,,1,,,,1,,,1,,,,1,,,1,1.2,,,,,,,,,,2,,3,,1,,,1,,,,1,,,1,,,1,,,,,
SAL_EA5808AA_AS,1,,,1,,,,1,,,1,,,,1,,,1,1.2,,,,,,,,,,2,,3,,1,,,1,,,,1,,,1,,,1,,,,,
SAL_EA5812AA_AS,1,,,1,,,,1,,,1,,,,1,,,1,1.2,,,,,,,,,,2,,3,,1,,,1,,,,1,,,1,,,1,,,,,
SAL_EA5820AA_AS,1,,,1,,,,1,,,1,,,,1,,,1,1.2,,,,,,,,,,2,,3,,1,,,1,,,,1,,,1,,,1,,,,,
SAL_EA5822AA_AS,1,1.9,,1,1.13,,,1,1.12,,1,1.6,,,1,1.10,,1,1.19,,,,12,,,,14,,9,,,32,1,1.9,,1,1.15,,,1,1.12,,1,1.15,,1,,,,,
SAL_EA5847AA_AS,1,,,1,1.3,,,1,,,1,1.1,1.1.1,,1,1.1,,1,1.17,,1,,1,1.1,3,,1,1.1,1,,2,2.2,1,,,1,1.3,,,1,,,1,1.1,,1,1.1,,,3,3.2
SAL_EA5848AA_AS,1,,,1,1.3,,,1,,,1,1.1,1.1.1,,1,1.1,,1,,,1,,1,1.1,3,,1,1.1,1,,2,,1,,,1,1.3,,,1,,,1,1.1,,1,1.1,,,3,
SAL_EA5850AA_AS,1,,,1,1.3,,,1,,,1,1.1,1.1.1,,1,1.1,,1,1.17,,1,,1,1.1,3,,1,1.1,1,,2,2.2,1,,,1,1.3,,,1,,,1,1.1,,1,1.1,,,3,3.2
SAL_EA5851AA_AS,1,,,1,1.3,,,1,,,1,1.1,1.1.1,,1,1.1,,1,,,1,,1,1.1,3,,1,1.1,1,,2,,1,,,1,1.3,,,1,,,1,1.1,,1,1.1,,,3,
SAL_EA5852AA_AS,1,,,1,1.3,,,1,,,1,1.1,1.1.1,,1,1.1,,1,1.17,,1,,1,1.1,3,,1,1.1,1,,2,2.2,1,,,1,1.3,,,1,,,1,1.1,,1,1.1,,,3,3.2
SAL_EA5855AA_AS,1,,,1,,,,1,1.7,,1,1.1,1.1.2,,1,1.1,,1,1.11,,1,,1,,3,3.1,1,1.2,1,,2,2.1,1,,,1,,,,1,1.7,,1,1.1,1.1.1,1,1.1,,,3,3.1
SAL_EA5860AA_AS,1,,,1,1.9,,,1,,,1,1.7,,,1,1.15,,1,,,,,13,,,,,,1,,,,1,,,1,1.10,,,1,,,1,1.11,,1,1.1,,,,
SAL_EA6255AA_AS,1,1.3,,1,,,,1,1.3,,1,1.3,,,1,1.3,,1,1.5,,,,4,,4,,5,,,,9,,1,1.3,,1,1.4,,,1,1.3,,1,1.4,,1,1.7,,,6,
SAL_EA6290AA_AS,1,,,1,,,,1,,,1,,,,1,,,1,,,,,,,,,,,,,,,1,,,1,,,,1,,,1,,,1,,,,,
SAL_EA6969AA_AS,1,,,1,,,,1,,,1,,,,1,,,1,,,,,,,2,,,,,,,,1,,,1,,,,1,,,1,,,1,,,,2,
SAL_EA7032AA_AS,1,,,1,,,,1,,,1,,,,1,,,1,,,,,,,,,,,,,,,1,,,1,,,,1,,,1,,,1,,,,,
SAL_EA8375AA_AS,1,,,1,,,,1,,,1,,,,1,,,1,,,6,,,,10,,,,10,,22,,1,,,1,,,,1,,,1,,,1,,,,,
SAL_EA8399AA_AS,1,,,1,,,,1,,,1,,,,1,,,1,,,6,,,,10,,,,10,,22,,1,,,1,,,,1,,,1,,,1,,,,,
SAL_EA8838AA_AS,1,,,1,,,,1,,,1,,,,1,,,1,1.2,,,,,,,,,,2,,3,,1,,,1,,,,1,,,1,,,1,,,,,
SAL_EA8840AA_AS,1,,,1,,,,1,,,1,,,,1,,,1,,,6,,,,10,,,,10,,22,,1,,,1,,,,1,,,1,,,1,,,,,
SAL_EA8843AA_AS,1,,,1,1.7,,,1,,,1,1.1,,,1,1.1,,1,,,7,,,,,,1,,1,,2,,1,,,1,1.9,,,1,,,1,1.1,,1,1.1,,,3,
SAL_EA8849AA_AS,1,,,1,,,,1,1.10,,1,,,,1,,,1,,,,,14,,,,,,,,,29,1,,,1,,,,1,1.10,,1,,,1,,,,,
SAL_EA8885AA_AS,1,,,1,,,,1,,,1,,,,1,,,1,,,,,,,,,,,,,,,1,,,1,,,,1,,,1,,,1,,,,,
SAL_EA8889AA_AS,1,,,1,,,,1,,,1,,,,1,,,1,,,,,,,,,,,,,1,,1,,,1,,,,1,,,1,,,1,,,,,
SAL_EA8919AA_AS,1,,,1,1.4,,,1,1.1,,1,,,,1,1.6,,1,,,,,,,1,,4,,,,4,,1,,,1,1.5,,,1,1.1,,1,,,1,1.6,,,1,1.1
SAL_EA8931AA_AS,1,,,1,,,,1,,,1,,,,1,,,1,,,,,,,2,,,,,,,,1,,,1,,,,1,,,1,,,1,,,,2,
SAL_EA8933AA_AS,1,,,1,,,,1,,,1,,,,1,,,1,,,,,,,,,,,,,1,,1,,,1,,,,1,,,1,,,1,,,,,
SAL_EA8944AA_AS,1,,,1,,,,1,,,1,,,,1,,,1,1.2,,,,,,,,,,2,,3,,1,,,1,,,,1,,,1,,,1,,,,,
SAL_EA8947AA_AS,1,1.4,,1,,,,1,1.1,1.1.1,1,,,,1,1.7,,1,,,,,5,,1,1.4,,,,,4,,1,1.4,,1,,,,1,1.1,1.1.1,1,,,1,,,,1,1.1
SAL_EA8951AA_AS,1,,,1,,,,1,,,1,,,,1,,,1,,,,,,,,,,,,,,,1,,,1,,,,1,,,1,,,1,,,,,
SAL_EA8952AA_AS,1,,,1,,,,1,,,1,,,,1,,,1,,,,,,,,,,,,,1,,1,,,1,,,,1,,,1,,,1,,,,,
SAL_EA8961AA_AS,1,,,1,,,,1,,,1,,,,1,,,1,,,,,,,,,,,,,,,1,,,1,,,,1,,,1,,,1,,,,,
SAL_EA8980AA_AS,1,1.9,,1,1.13,,,1,1.12,,1,1.6,,,1,1.10,,1,1.19,,,,12,,,,14,,9,,,32,1,1.9,,1,1.15,,,1,1.12,,1,1.15,,1,,,,,
SAL_EA8988AA_AS,1,,,1,,,,1,,,1,,,,1,,,1,,,,,,,2,,,,,,,,1,,,1,,,,1,,,1,,,1,,,,2,
SAL_EA8998AA_AS,1,,,1,,,,1,,,1,,,,1,,,1,1.2,,,,,,,,,,2,,3,,1,,,1,,,,1,,,1,,,1,,,,,
SAL_EA9004AA_AS,1,,,1,,,,1,,,1,,,,1,,,1,,,,,,,2,,,,,,,,1,,,1,,,,1,,,1,,,1,,,,2,
SAL_EA9006AA_AS,1,,,1,,,,1,,,1,,,,1,,,1,,,,,,,2,,,,,,,,1,,,1,,,,1,,,1,,,1,,,,2,
SAL_EA9052AA_AS,1,,,1,,,,1,,,1,,,,1,,,1,,,,,,,,,,,,,1,,1,,,1,,,,1,,,1,,,1,,,,,
SAL_EA9054AA_AS,1,,,1,,,,1,,,1,,,,1,,,1,,,,,,,2,,,,,,,,1,,,1,,,,1,,,1,,,1,,,,2,
SAL_EA9068AA_AS,1,,,1,,,,1,,,1,,,,1,,,1,1.2,,,,,,,,,,2,,3,,1,,,1,,,,1,,,1,,,1,,,,,
SAL_EA9081AA_AS,1,,,1,,,,1,,,1,,,,1,,,1,,,,,,,2,,,,,,,,1,,,1,,,,1,,,1,,,1,,,,2,
SAL_EA9082AA_AS,1,,,1,,,,1,,,1,,,,1,,,1,1.2,,,,,,,,,,2,,3,,1,,,1,,,,1,,,1,,,1,,,,,
SAL_EA9084AA_AS,1,,,1,,,,1,,,1,,,,1,,,1,,,,,,,,,,,,,1,,1,,,1,,,,1,,,1,,,1,,,,,
SAL_EA9124AA_AS,1,1.2,,1,,,,1,,,1,,,,1,1.4,,1,,,,,3,,,,3,,3,,11,,1,1.2,,1,,,,1,,,1,,,1,1.4,,,,
SAL_EA9131AA_AS,1,,,1,,,,1,,,1,,,,1,,,1,,,,,,,,,,,,,,,1,,,1,,,,1,,,1,,,1,,,,,
SAL_EA9134AA_AS,1,,,1,,,,1,,,1,,,,1,,,1,,,,,,,2,,,,,,,,1,,,1,,,,1,,,1,,,1,,,,2,
SAL_EA9141AA_AS,1,,,1,,,,1,1.10,,1,,,,1,,,1,,,,,14,,,,,,,,,29,1,,,1,,,,1,1.10,,1,,,1,,,,,
SAL_EA9142AA_AS,1,,,1,,,,1,,,1,,,,1,,,1,,,,,,,2,,,,,,,,1,,,1,,,,1,,,1,,,1,,,,2,
SAL_EA9144AA_AS,1,,,1,,,,1,,,1,,,,1,,,1,,,,,,,,,,,,,1,,1,,,1,,,,1,,,1,,,1,,,,,
SAL_EA9196AA_AS,1,,,1,1.4,,,1,1.1,,1,,,,1,1.6,,1,,,,,,,1,,4,,,,4,,1,,,1,1.5,,,1,1.1,,1,,,1,1.6,,,1,1.1
SAL_EA9198AA_AS,1,,,1,,,,1,,,1,,,,1,,,1,,,,,,,,,,,,,1,,1,,,1,,,,1,,,1,,,1,,,,,
SAL_EA9205AA_AS,1,,,1,,,,1,,,1,,,,1,,,1,1.2,,,,,,,,,,2,,3,,1,,,1,,,,1,,,1,,,1,,,,,
SAL_EA9209AA_AS,1,,,1,1.4,,,1,1.1,,1,,,,1,1.6,,1,,,,,,,1,,4,,,,4,,1,,,1,1.5,,,1,1.1,,1,,,1,1.6,,,1,1.1
SAL_EA9212AA_AS,1,1.9,,1,1.13,,,1,1.12,,1,1.6,,,1,1.10,,1,1.19,,,,12,,,,14,,9,,,32,1,1.9,,1,1.15,,,1,1.12,,1,1.15,,1,,,,,
SAL_EA9213AA_AS,1,,,1,,,,1,,,1,,,,1,,,1,,,,,,,2,,,,,,,,1,,,1,,,,1,,,1,,,1,,,,2,
SAL_EA9217AA_AS,1,,,1,,,,1,,,1,,,,1,,,1,,,,,,,2,,,,,,,,1,,,1,,,,1,,,1,,,1,,,,2,
SAL_EA9221AA_AS,1,,,1,1.4,,,1,1.1,,1,,,,1,1.6,,1,,,,,,,1,,4,,,,4,,1,,,1,1.5,,,1,1.1,,1,,,1,1.6,,,1,1.1
SAL_EA9226AA_AS,1,1.12,,1,,,,1,,,1,,,,1,,,1,,,,,,,,,,,,,1,,1,1.12,,1,,,,1,,,1,,,1,,,,,
SAL_EA9229AA_AS,1,,,1,,,,1,,,1,,,,1,,,1,,,,,,,,,,,,,1,,1,,,1,,,,1,,,1,,,1,,,,,
SAL_EA9230AA_AS,1,,,1,,,,1,,,1,,,,1,,,1,,,,,,,,,,,,,1,,1,,,1,,,,1,,,1,,,1,,,,,
SAL_EA9235AA_AS,1,,,1,,,,1,,,1,,,,1,,,1,1.2,,,,,,,,,,2,,3,,1,,,1,,,,1,,,1,,,1,,,,,
SAL_EA9238AA_AS,1,,,1,,,,1,,,1,,,,1,,,1,,,,,,,,,,,,,1,,1,,,1,,,,1,,,1,,,1,,,,,
SAL_EA9244AA_AS,1,,,1,,,,1,,,1,,,,1,,,1,,,,,,,,,,,,,1,,1,,,1,,,,1,,,1,,,1,,,,,
SAL_EA9351AA_AS,1,,,1,,,,1,,,1,,,,1,,,1,,,,,,,2,,,,,,,,1,,,1,,,,1,,,1,,,1,,,,2,
SAL_EA9354AA_AS,1,,,1,,,,1,,,1,,,,1,,,1,1.2,,,,,,,,,,2,,3,,1,,,1,,,,1,,,1,,,1,,,,,
SAL_EA9355AA_AS,1,1.5,1.5.1,1,1.5,,,1,1.13,,1,1.4,1.4.1,,1,1.8,1.8.1,1,1.7,1.7.1,,,6,6.1,,,6,6.1,4,,15,15.1,1,1.5,1.5.1,1,1.6,1.6.1,,1,1.13,,1,1.5,1.5.1,1,1.8,1.8.1,,7,7.1
SAL_EA9387AA_AS,1,,,1,1.9,,,1,,,1,1.7,,,1,1.15,,1,,,,,13,,,,,,1,,,,1,,,1,1.10,,,1,,,1,1.11,,1,1.1,,,,
SAL_EA9389AA_AS,1,,,1,,,,1,,,1,,,,1,,,1,,,,,,,,,,,,,1,,1,,,1,,,,1,,,1,,,1,,,,,
SAL_EA9393AA_AS,1,,,1,,,,1,,,1,,,,1,,,1,,,,,,,,,,,,,1,,1,,,1,,,,1,,,1,,,1,,,,,
SAL_EA9410AA_AS,1,,,1,,,,1,,,1,,,,1,,,1,,,,,,,,,,,,,1,,1,,,1,,,,1,,,1,,,1,,,,,
SAL_EA9411AA_AS,1,,,1,,,,1,1.1,,1,,,,1,,,1,,,,,,,1,,,,,,4,,1,,,1,,,,1,1.1,,1,,,1,,,,1,1.1
SAL_EA9419AA_AS,1,,,1,,,,1,,,1,,,,1,,,1,,,,,,,,,,,,,1,,1,,,1,,,,1,,,1,,,1,,,,,
SAL_EA9421AA_AS,1,,,1,,,,1,1.1,,1,,,,1,,,1,,,,,,,1,,,,,,4,,1,,,1,,,,1,1.1,,1,,,1,,,,1,1.1
SAL_EA9428AA_AS,1,,,1,,,,1,1.1,,1,,,,1,,,1,,,,,,,1,,,,,,4,,1,,,1,,,,1,1.1,,1,,,1,,,,1,1.1
SAL_EA9437AA_AS,1,1.4,,1,,,,1,1.1,1.1.1,1,,,,1,1.7,,1,,,,,5,,1,1.4,,,,,4,,1,1.4,,1,,,,1,1.1,1.1.1,1,,,1,,,,1,1.1
SAL_EA9445AA_AS,1,,,1,,,,1,,,1,,,,1,,,1,,,,,,,,,,,,,1,,1,,,1,,,,1,,,1,,,1,,,,,
SAL_EA9476AA_AS,1,,,1,,,,1,,,1,,,,1,,,1,,,,,,,,,,,,,,,1,,,1,,,,1,,,1,,,1,,,,,
SAL_EA9483AA_AS,1,1.2,,1,,,,1,,,1,,,,1,1.4,,1,,,,,3,,,,3,,3,,11,,1,1.2,,1,,,,1,,,1,,,1,1.4,,,,
SAL_EA9484AA_AS,1,1.2,,1,,,,1,,,1,,,,1,1.4,,1,,,,,3,,,,3,,3,,11,,1,1.2,,1,,,,1,,,1,,,1,1.4,,,,
SAL_EA9503AA_AS,1,1.9,,1,1.13,,,1,1.12,,1,1.6,,,1,1.10,,1,1.19,,,,12,,,,14,,9,,,32,1,1.9,,1,1.15,,,1,1.12,,1,1.15,,1,,,,,
SAL_EA9523AA_AS,1,,,1,,,,1,,,1,,,,1,,,1,,,,,,,,,,,,,1,,1,,,1,,,,1,,,1,,,1,,,,,
SAL_EA9531AA_AS,1,,,1,,,,1,,,1,,,,1,,,1,,,,,,,2,,,,,,,,1,,,1,,,,1,,,1,,,1,,,,2,
SAL_EA9555AA_AS,1,1.4,,1,,,,1,1.1,1.1.1,1,,,,1,1.7,,1,,,,,5,,1,1.4,,,,,4,,1,1.4,,1,,,,1,1.1,1.1.1,1,,,1,,,,1,1.1
SAL_EA9568AA_AS,1,,,1,,,,1,,,1,,,,1,,,1,1.2,,,,,,,,,,2,,3,,1,,,1,,,,1,,,1,,,1,,,,,
SAL_EA9573AA_AS,1,,,1,1.3,,,1,,,1,1.1,1.1.1,,1,1.1,,1,,,1,,1,1.1,3,,1,1.1,1,,2,,1,,,1,1.3,,,1,,,1,1.1,,1,1.1,,,3,
SAL_EA9585AA_AS,1,,,1,,,,1,,,1,,,,1,,,1,1.2,,,,,,,,,,2,,3,,1,,,1,,,,1,,,1,,,1,,,,,
SAL_EA9594AA_AS,1,,,1,,,,1,,,1,,,,1,,,1,1.2,,,,,,,,,,2,,3,,1,,,1,,,,1,,,1,,,1,,,,,
SAL_EA9626AA_AS,1,,,1,,,,1,,,1,,,,1,,,1,1.3,,,,,,,,,,,,,14,1,,,1,,,,1,,,1,,,1,,,,4,
SAL_EA9628AA_AS,1,1.5,,1,1.5,,,1,,,1,1.4,,,1,1.8,,1,1.7,,,,6,,,,6,,4,,15,,1,1.5,,1,1.6,,,1,,,1,1.5,,1,1.8,,,7,
SAL_EA9641AA_AS,1,,,1,,,,1,1.1,,1,,,,1,,,1,,,,,,,1,,,,,,7,,1,,,1,,,,1,1.1,,1,,,1,1.3,,,1,
SAL_EA9645AA_AS,1,,,1,,,,1,,,1,,,,1,,,1,1.2,,,,,,,,,,2,,3,,1,,,1,,,,1,,,1,,,1,,,,,
SAL_EA9727AA_AS,1,,,1,,,,1,1.1,,1,,,,1,,,1,,,,,,,1,,,,,,7,,1,,,1,,,,1,1.1,,1,,,1,1.3,,,1,
SAL_EA9927AA_AS,1,,,1,,,,1,1.1,,1,,,,1,,,1,,,,,,,1,,,,,,,,1,,,1,,,,1,1.1,,1,,,1,,,,1,
SAL_EA9976AA_AS,1,,,1,,,,1,1.1,,1,,,,1,,,1,,,,,,,1,,,,,,,,1,,,1,,,,1,1.1,,1,,,1,,,,1,
SAL_EA9990AA_AS,1,,,1,1.3,,,1,,,1,1.1,1.1.1,,1,1.1,,1,,,1,,1,1.1,3,,1,1.1,1,,2,,1,,,1,1.3,,,1,,,1,1.1,,1,1.1,,,3,
SAL_FA0096AA_AS,1,1.6,,1,,,,1,1.6,,1,1.5,,,1,1.11,,1,1.8,,3,,7,,7,,7,,5,,,,1,1.6,,1,1.8,,,1,1.6,,1,1.7,,1,1.9,,,9,
SAL_FA0512AA_AS,1,,,1,,,,1,,,1,,,,1,,,1,1.3,,,,,,,,,,,,,14,1,,,1,,,,1,,,1,,,1,,,,4,
SAL_FA0541AA_AS,1,,,1,,,,1,,,1,,,,1,,,1,1.9,,,,,,5,,2,,,,10,,1,,,1,,,,1,,,1,,,1,,,,5,
SAL_FA0553AA_AS,1,,,1,,,,1,,,1,,,,1,,,1,1.9,,,,,,5,,2,,,,10,,1,,,1,,,,1,,,1,,,1,,,,5,
SAL_FA0558AA_AS,1,,,1,,,,1,,,1,,,,1,,,1,1.9,,,,,,5,,2,,,,10,,1,,,1,,,,1,,,1,,,1,,,,5,
SAL_FA0564AA_AS,1,,,1,,,,1,,,1,,,,1,,,1,1.9,,,,,,5,,2,,,,10,,1,,,1,,,,1,,,1,,,1,,,,5,
SAL_FA0565AA_AS,1,,,1,,,,1,,,1,,,,1,,,1,1.9,,,,,,5,,2,,,,10,,1,,,1,,,,1,,,1,,,1,,,,5,
SAL_FA0571AA_AS,1,,,1,,,,1,,,1,,,,1,,,1,1.9,,,,,,5,,2,,,,10,,1,,,1,,,,1,,,1,,,1,,,,5,
SAL_FA0572AA_AS,1,,,1,,,,1,,,1,,,,1,,,1,1.9,,,,,,5,,2,,,,10,,1,,,1,,,,1,,,1,,,1,,,,5,
SAL_FA0574AA_AS,1,,,1,,,,1,,,1,,,,1,,,1,1.9,,,,,,5,,2,,,,10,,1,,,1,,,,1,,,1,,,1,,,,5,
SAL_FA0582AA_AS,1,,,1,,,,1,,,1,,,,1,,,1,,,6,,,,10,,,,10,,22,,1,,,1,,,,1,,,1,,,1,,,,,
SAL_FA0713AA_AS,1,,,1,,,,1,,,1,,,,1,,,1,,,,,,,,,,,,,,,1,,,1,,,,1,,,1,,,1,,,,,
SAL_FA0726AA_AS,1,,,1,,,,1,1.9,,1,,,,1,1.18,,1,1.16,,,,,,,,13,,,,28,,1,,,1,,,,1,1.9,,1,,,1,,,,15,
SAL_FA1376AA_AS,1,1.11,,1,,,,1,1.4,,1,1.1,,,1,1.1,,1,,,1,1.1,1,,3,,1,,1,1.1,2,,1,1.11,,1,,,,1,1.4,,1,1.1,,1,1.1,,,3,3.3
SAL_FA1377AA_AS,1,1.11,,1,,,,1,1.4,,1,1.1,,,1,1.1,,1,,,1,1.1,1,,3,,1,,1,1.1,2,,1,1.11,,1,,,,1,1.4,,1,1.1,,1,1.1,,,3,3.3
SAL_FA1450AA_AS,1,1.1,,1,1.1,1.1.1,,1,1.2,,1,1.2,1.2.1,,1,1.2,,1,1.1,,,,,,,,8,,6,,19,,1,1.1,,1,1.1,1.1.1,,1,1.2,,1,1.2,,1,1.2,1.2.1,,,
SAL_FA1496AA_AS,1,,,1,,,,1,1.4,,1,1.1,,,1,1.1,,1,,,1,,1,,3,,1,,1,1.1,2,,1,,,1,,,,1,1.4,,1,1.1,,1,1.1,,,3,
SAL_FA1497AA_AS,1,,,1,1.3,,,1,,,1,1.1,1.1.1,,1,1.1,,1,,,1,,1,1.1,3,,1,1.1,1,,2,,1,,,1,1.3,,,1,,,1,1.1,,1,1.1,,,3,
SAL_FA1498AA_AS,1,,,1,,,,1,,,1,1.1,,,1,1.1,,1,,,1,,1,,3,,1,,1,,2,,1,,,1,,,,1,,,1,1.1,,1,1.1,,,3,
SAL_FA1499AA_AS,1,,,1,1.3,,,1,,,1,1.1,1.1.1,,1,1.1,,1,,,1,,1,1.1,3,,1,1.1,1,,2,,1,,,1,1.3,,,1,,,1,1.1,,1,1.1,,,3,
SAL_FA1500AA_AS,1,,,1,1.3,,,1,,,1,1.1,1.1.1,,1,1.1,,1,,,1,,1,1.1,3,,1,1.1,1,,2,,1,,,1,1.3,,,1,,,1,1.1,,1,1.1,,,3,
SAL_FA1501AA_AS,1,,,1,,,,1,,,1,,,,1,,,1,1.2,,,,,,,,,,2,,3,,1,,,1,,,,1,,,1,,,1,,,,,
SAL_FA1502AA_AS,1,,,1,,,,1,,,1,,,,1,,,1,,,,,,,,,,,,,,,1,,,1,,,,1,,,1,,,1,,,,,
SAL_FA1503AA_AS,1,,,1,,,,1,1.4,,1,1.1,,,1,1.1,,1,,,1,,1,,3,,1,,1,1.1,2,,1,,,1,,,,1,1.4,,1,1.1,,1,1.1,,,3,
SAL_FA1504AA_AS,1,,,1,1.11,,,1,1.4,,1,1.1,,,1,1.1,,1,,,1,,1,1.2,3,3.2,1,,1,1.1,2,,1,,,1,1.14,,,1,1.4,,1,1.1,,1,1.1,,,3,
SAL_FA1505AA_AS,1,,,1,1.11,,,1,1.4,,1,1.1,,,1,1.1,,1,,,1,,1,1.2,3,3.2,1,,1,1.1,2,,1,,,1,1.14,,,1,1.4,,1,1.1,,1,1.1,,,3,
SAL_FA1507AA_AS,1,,,1,,,,1,,,1,,,,1,,,1,,,,,,,,,,,,,,,1,,,1,,,,1,,,1,,,1,,,,,
SAL_FA1509AA_AS,1,,,1,,,,1,,,1,,,,1,,,1,,,,,,,,,,,,,,,1,,,1,,,,1,,,1,,,1,,,,,
SAL_FA1510AA_AS,1,,,1,1.11,,,1,1.4,,1,1.1,,,1,1.1,,1,,,1,,1,1.2,3,3.2,1,,1,1.1,2,,1,,,1,1.14,,,1,1.4,,1,1.1,,1,1.1,,,3,
SAL_FA1511AA_AS,1,,,1,,,,1,,,1,1.1,,,1,1.1,,1,,,1,,1,,3,,1,,1,,2,,1,,,1,,,,1,,,1,1.1,,1,1.1,,,3,
SAL_FA1512AA_AS,1,1.11,,1,,,,1,1.4,,1,1.1,,,1,1.1,,1,,,1,1.1,1,,3,,1,,1,1.1,2,,1,1.11,,1,,,,1,1.4,,1,1.1,,1,1.1,,,3,3.3
SAL_FA1513AA_AS,1,,,1,1.11,,,1,1.4,,1,1.1,,,1,1.1,,1,,,1,,1,1.2,3,3.2,1,,1,1.1,2,,1,,,1,1.14,,,1,1.4,,1,1.1,,1,1.1,,,3,
SAL_FA1516AA_AS,1,,,1,,,,1,1.7,,1,1.1,1.1.2,,1,1.1,,1,1.11,,1,,1,,3,3.1,1,1.2,1,,2,2.1,1,,,1,,,,1,1.7,,1,1.1,1.1.1,1,1.1,,,3,3.1
SAL_FA1748AA_AS,1,,,1,,,,1,,,1,,,,1,1.3,,1,1.5,,,,,,4,,,,,,9,,1,,,1,1.4,,,1,,,1,,,1,,,,,
SAL_FA1750AA_AS,1,,,1,,,,1,,,1,,,,1,,,1,,,,,,,,,,,,,1,,1,,,1,,,,1,,,1,,,1,,,,,
SAL_FA1751AA_AS,1,,,1,,,,1,,,1,,,,1,,,1,,,,,,,,,,,,,1,,1,,,1,,,,1,,,1,,,1,,,,,
SAL_FA1760AA_AS,1,1.5,1.5.1,1,1.5,,,1,1.13,,1,1.4,1.4.1,,1,1.8,1.8.1,1,1.7,1.7.1,,,6,6.1,,,6,6.1,4,,15,15.1,1,1.5,1.5.1,1,1.6,1.6.1,,1,1.13,,1,1.5,1.5.1,1,1.8,1.8.1,,7,7.1
SAL_FA1761AA_AS,1,1.3,,1,,,,1,1.3,,1,1.3,,,1,1.3,,1,1.5,,,,4,,4,,5,,,,9,,1,1.3,,1,1.4,,,1,1.3,,1,1.4,,1,1.7,,,6,
SAL_FA1762AA_AS,1,,,1,,,,1,,,1,,,,1,,,1,,,,,,,,,,,,,,,1,,,1,,,,1,,,1,,,1,,,,,
SAL_FA1768AA_AS,1,,,1,,,,1,1.1,,1,,,,1,,,1,,,,,,,1,,,,,,7,,1,,,1,,,,1,1.1,,1,,,1,1.3,,,1,
SAL_FA1770AA_AS,1,,,1,,,,1,1.1,1.1.2,1,,,,1,,,1,1.10,,,,,,1,,,,,,7,,1,,,1,,,,1,1.1,1.1.2,1,,,1,1.3,,,1,
SAL_FA1776AA_AS,1,,,1,,,,1,,,1,,,,1,,,1,1.3,,,,,,,,,,,,,14,1,,,1,,,,1,,,1,,,1,,,,4,
SAL_FA1777AA_AS,1,,,1,,,,1,,,1,,,,1,,,1,1.3,,,,,,,,,,,,,14,1,,,1,,,,1,,,1,,,1,,,,4,
SAL_FA1779AA_AS,1,,,1,,,,1,,,1,,,,1,,,1,1.3,,,,,,,,,,,,,14,1,,,1,,,,1,,,1,,,1,,,,4,
SAL_FA1780AA_AS,1,,,1,,,,1,,,1,,,,1,,,1,1.3,,,,,,,,,,,,,14,1,,,1,,,,1,,,1,,,1,,,,4,
SAL_FA1859AA_AS,1,,,1,,,,1,,,1,,,,1,,,1,,,,,,,,,,,,,13,,1,,,1,,,,1,,,1,,,1,,,,,
SAL_FA1861AA_AS,1,,,1,,,,1,,,1,,,,1,,,1,,,,,,,,,,,,,13,,1,,,1,,,,1,,,1,,,1,,,,,
SAL_FA1862AA_AS,1,,,1,,,,1,,,1,,,,1,,,1,1.3,,,,,,,,,,,,,14,1,,,1,,,,1,,,1,,,1,,,,4,
SAL_FA1863AA_AS,1,1.3,,1,,,,1,1.3,,1,1.3,,,1,1.3,,1,1.5,,,,4,,4,,5,,,,9,,1,1.3,,1,1.4,,,1,1.3,,1,1.4,,1,1.7,,,6,
SAL_FA1973AA_AS,1,,,1,1.11,,,1,1.4,,1,1.1,,,1,1.1,,1,,,1,,1,1.2,3,3.2,1,,1,1.1,2,,1,,,1,1.14,,,1,1.4,,1,1.1,,1,1.1,,,3,
SAL_FA1974AA_AS,1,,,1,,,,1,,,1,,,,1,,,1,1.2,,,,,,,,,,2,,3,,1,,,1,,,,1,,,1,,,1,,,,,
SAL_FA3616AA_AS,1,,,1,,,,1,,,1,,,,1,,,1,,,,,,,,,,,,,,,1,,,1,,,,1,,,1,,,1,,,,,
SAL_FA3736AA_AS,1,,,1,,,,1,,,1,,,,1,,,1,,,,,,,2,,,,,,,,1,,,1,,,,1,,,1,,,1,,,,2,
SAL_FA3738AA_AS,1,,,1,,,,1,,,1,,,,1,,,1,,,,,,,2,,,,,,,,1,,,1,,,,1,,,1,,,1,,,,2,
SAL_FA3740AA_AS,1,,,1,,,,1,,,1,,,,1,,,1,,,,,,,2,,,,,,,,1,,,1,,,,1,,,1,,,1,,,,2,
SAL_FA3864AA_AS,1,,,1,,,,1,,,1,,,,1,,,1,,,,,,,2,,,,,,,,1,,,1,,,,1,,,1,,,1,,,,2,
SAL_FA4122AA_AS,1,,,1,,,,1,,,1,,,,1,,,1,1.9,,,,,,5,,2,,,,10,,1,,,1,,,,1,,,1,,,1,,,,5,
SAL_FA4388AA_AS,1,1.1,,1,1.1,1.1.1,1.1.1.1,1,1.2,,1,1.2,1.2.1,1.2.1.1,1,1.2,,1,1.1,,,,,,,,8,8.1,6,6.1,19,19.1,1,1.1,,1,1.1,1.1.1,1.1.1.1,1,1.2,,1,1.2,,1,1.2,1.2.1,1.2.1.1,,
SAL_FA4391AA_AS,1,1.1,,1,1.1,1.1.1,1.1.1.1,1,1.2,,1,1.2,1.2.1,1.2.1.1,1,1.2,,1,1.1,,,,,,,,8,8.1,6,6.1,19,19.1,1,1.1,,1,1.1,1.1.1,1.1.1.1,1,1.2,,1,1.2,,1,1.2,1.2.1,1.2.1.1,,
SAL_FA4432AA_AS,1,,,1,,,,1,1.1,,1,,,,1,,,1,,,,,,,1,,,,,,,,1,,,1,,,,1,1.1,,1,,,1,,,,1,
SAL_FA4456AA_AS,1,,,1,,,,1,,,1,,,,1,,,1,,,,,,,,,,,,,,,1,,,1,,,,1,,,1,,,1,,,,,
SAL_FA4706AA_AS,1,,,1,,,,1,,,1,,,,1,,,1,,,,,,,2,,,,,,,,1,,,1,,,,1,,,1,,,1,,,,2,
SAL_FA4720AA_AS,1,,,1,,,,1,,,1,,,,1,,,1,,,,,,,2,,,,,,,,1,,,1,,,,1,,,1,,,1,,,,2,
SAL_FA4722AA_AS,1,,,1,,,,1,,,1,,,,1,,,1,,,,,,,2,,,,,,,,1,,,1,,,,1,,,1,,,1,,,,2,
SAL_FA4740AA_AS,1,,,1,,,,1,,,1,,,,1,,,1,,,,,,,2,,,,,,,,1,,,1,,,,1,,,1,,,1,,,,2,
SAL_FA4939AA_AS,1,,,1,,,,1,,,1,,,,1,,,1,,,,,,,,,,,,,,,1,,,1,,,,1,,,1,,,1,,,,,
SAL_FA5288AA_AS,1,,,1,,,,1,,,1,,,,1,,,1,,,,,,,2,,,,,,,,1,,,1,,,,1,,,1,,,1,,,,2,
SAL_FA5554AA_AS,1,,,1,,,,1,,,1,,,,1,,,1,,,,,,,,,,,,,,,1,,,1,,,,1,,,1,,,1,,,,,
SAL_FA7519AA_AS,1,,,1,1.7,,,1,,,1,1.1,,,1,1.1,,1,,,7,,,,,,1,,1,,2,,1,,,1,1.9,,,1,,,1,1.1,,1,1.1,,,3,
SAL_HA9399AA_AS,1,,,1,,,,1,,,1,,,,1,,,1,,,,,,,2,,,,,,18,,1,,,1,,,,1,,,1,,,1,,,,2,
SAL_HA9448AA_AS,1,,,1,,,,1,,,1,,,,1,,,1,,,,,,,2,,,,,,18,,1,,,1,,,,1,,,1,,,1,,,,2,
SAL_IA1746AA_AS,1,,,1,1.3,,,1,,,1,1.1,1.1.1,,1,1.1,,1,,,1,,1,1.1,3,,1,1.1,1,,2,,1,,,1,1.3,,,1,,,1,1.1,,1,1.1,,,3,
SAL_IA1750AA_AS,1,,,1,,,,1,1.1,,1,,,,1,,,1,,,,,,,1,,,,,,7,,1,,,1,,,,1,1.1,,1,,,1,1.3,,,1,
SAL_IA1794AA_AS,1,,,1,,,,1,1.1,1.1.2,1,,,,1,,,1,1.10,,,,,,1,,,,,,7,,1,,,1,,,,1,1.1,1.1.2,1,,,1,1.3,,,1,
SAL_IA1866AA_AS,1,,,1,,,,1,1.7,,1,1.1,1.1.2,,1,1.1,,1,1.11,,1,,1,,3,3.1,1,1.2,1,,2,2.1,1,,,1,,,,1,1.7,,1,1.1,1.1.1,1,1.1,,,3,3.1
SAL_IA1873AA_AS,1,,,1,,,,1,,,1,,,,1,,,1,1.3,,,,,,,,,,,,,,1,,,1,,,,1,,,1,,,1,,,,4,
SAL_IA1886AA_AS,1,1.6,,1,,,,1,1.6,,1,1.5,,,1,1.11,,1,1.8,1.8.1,3,,7,,7,,7,,5,,,31,1,1.6,,1,1.8,,,1,1.6,,1,1.7,,1,1.9,,,9,
SAL_IA1899AA_AS,1,,,1,,,,1,,,1,,,,1,,,1,,,,,,,,,,,,,6,,1,,,1,,,,1,,,1,,,1,,,,,
SAL_IA2537AA_AS,1,,,1,,,,1,,,1,,,,1,,,1,,,,,,,2,,,,,,,,1,,,1,,,,1,,,1,,,1,,,,2,
SAL_IA2550AA_AS,1,1.2,,1,,,,1,,,1,,,,1,1.4,,1,,,,,3,,,,3,,3,,11,,1,1.2,,1,,,,1,,,1,,,1,1.4,,,,
SAL_IA2552AA_AS,1,,,1,,,,1,,,1,,,,1,,,1,,,,,,,,,,,,,,,1,,,1,,,,1,,,1,,,1,,,,,
SAL_IA2576AA_AS,1,,,1,,,,1,,,1,,,,1,,,1,1.3,,,,,,,,,,,,,14,1,,,1,,,,1,,,1,,,1,,,,4,
SAL_IA2585AA_AS,1,,,1,,,,1,,,1,,,,1,,,1,,,,,,,2,,,,,,,,1,,,1,,,,1,,,1,,,1,,,,2,
SAL_IA2678AA_AS,1,,,1,1.3,,,1,,,1,1.1,1.1.1,,1,1.1,,1,,,1,,1,1.1,3,,1,1.1,1,,2,,1,,,1,1.3,,,1,,,1,1.1,,1,1.1,,,3,
SAL_IA2701AA_AS,1,,,1,,,,1,1.7,,1,1.1,1.1.2,,1,1.1,,1,1.11,,1,,1,,3,3.1,1,1.2,1,,2,2.1,1,,,1,,,,1,1.7,,1,1.1,1.1.1,1,1.1,,,3,3.1
SAL_IA2719AA_AS,1,,,1,,,,1,,,1,,,,1,,,1,,,,,,,,,,,,,,,1,,,1,,,,1,,,1,,,1,,,,,
SAL_IA2758AA_AS,1,,,1,,,,1,,,1,,,,1,,,1,,,,,,,,,,,,,,,1,,,1,,,,1,,,1,,,1,,,,,
SAL_IA2768AA_AS,1,,,1,,,,1,,,1,,,,1,,,1,1.2,,,,,,,,,,2,,3,,1,,,1,,,,1,,,1,,,1,,,,,
SAL_IA3159AA_AS,1,,,1,,,,1,1.1,1.1.2,1,,,,1,,,1,1.10,,,,,,1,,,,,,7,,1,,,1,,,,1,1.1,1.1.2,1,,,1,1.3,,,1,
SAL_IA3365AA_AS,1,,,1,,,,1,,,1,,,,1,,,1,,,,,,,,,,,,,6,,1,,,1,,,,1,,,1,,,1,,,,,
SAL_IA3371AA_AS,1,,,1,,,,1,,,1,,,,1,,,1,1.2,,,,,,,,,,2,,3,,1,,,1,,,,1,,,1,,,1,,,,,
SAL_IA5514AA_AS,1,,,1,,,,1,,,1,,,,1,,,1,,,,,,,6,,,,,,,,1,,,1,,,,1,,,1,,,1,,,,,
SAL_IA6099AA_AS,1,,,1,1.4,,,1,1.1,,1,,,,1,1.6,,1,,,,,,,1,,4,,,,4,,1,,,1,1.5,,,1,1.1,,1,,,1,1.6,,,1,1.1
SAL_IA6337AA_AS,1,1.7,,1,1.8,,,1,1.8,,1,,,,1,1.13,,1,,,,,9,,2,2.1,,,13,,24,,1,1.7,,1,,,,1,1.8,,1,1.8,,1,1.11,,,2,2.1
SAL_IA6440AA_AS,1,,,1,1.6,,,1,1.5,,1,,,,1,1.9,,1,,,,,,,8,,,,,,16,,1,,,1,1.7,,,1,1.5,,1,1.6,,1,1.10,,,,
SAL_IA6449AA_AS,1,,,1,,,,1,,,1,,,,1,,,1,,,,,,,,,,,,,1,,1,,,1,,,,1,,,1,,,1,,,,,
SAL_IA6451AA_AS,1,,,1,,,,1,1.1,,1,,,,1,,,1,,,,,,,1,,,,,,7,,1,,,1,,,,1,1.1,,1,,,1,1.3,,,1,
SAL_IA6518AA_AS,1,,,1,,,,1,,,1,,,,1,,,1,,,,,,,,,,,,,1,,1,,,1,,,,1,,,1,,,1,,,,,
SAL_IA6617AA_AS,1,1.12,,1,,,,1,,,1,,,,1,,,1,,,,,,,,,,,,,1,,1,1.12,,1,,,,1,,,1,,,1,,,,,
SAL_IA7993AA_AS,1,1.15,,1,1.12,,,1,,,1,1.12,,,1,1.21,,1,1.15,,10,,15,,13,,16,,16,,,,1,1.15,,1,1.12,,,1,,,1,1.19,,1,,,,13,
SAL_IA8155AA_AS,1,,,1,,,,1,,,1,,,,1,,,1,,,,,,,6,,,,,,,,1,,,1,,,,1,,,1,,,1,,,,,
SAL_IA8411AA_AS,1,,,1,,,,1,,,1,,,,1,,,1,,,,,,,,,,,,,,,1,,,1,,,,1,,,1,,,1,,,,,
SAL_IA9132AA_AS,1,,,1,,,,1,,,1,,,,1,,,1,,,,,,,,,,,,,,,1,,,1,,,,1,,,1,,,1,,,,,
SAL_IA9908AA_AS,1,,,1,,,,1,,,1,,,,1,,,1,,,,,,,,,,,,,6,,1,,,1,,,,1,,,1,,,1,,,,,
SAL_IA9918AA_AS,1,,,1,1.3,,,1,,,1,1.1,1.1.1,,1,1.1,,1,,,1,,1,1.1,3,,1,1.1,1,,2,,1,,,1,1.3,,,1,,,1,1.1,,1,1.1,,,3,
SAL_JA0360AA_AS,1,1.1,,1,1.1,,,1,1.2,,1,1.2,,,1,1.2,,1,1.1,,,,,,,,,,,,,,1,1.1,,1,1.1,,,1,1.2,,1,1.2,,1,1.2,,,,
SAL_JA0542AA_AS,1,,,1,,,,1,1.1,,1,,,,1,,,1,,,,,,,1,,,,,,,,1,,,1,,,,1,1.1,,1,,,1,,,,1,
SAL_JA0545AA_AS,1,,,1,,,,1,,,1,,,,1,,,1,,,,,,,,,,,,,,,1,,,1,,,,1,,,1,,,1,,,,,
SAL_JA0569AA_AS,2,,,2,,,,2,,,2,,,,2,,,2,,,,,10,,6,,,,12,,26,,2,,,2,,,,2,,,2,,,2,,,,10,
SAL_JA0769AA_AS,1,,,1,,,,1,,,1,,,,1,,,1,1.6,,,,,,2,,,,,,12,,1,,,1,,,,1,,,1,,,1,,,,2,
SAL_JA0825AA_AS,1,,,1,,,,1,,,1,,,,1,,,1,,,,,,,2,,,,,,,,1,,,1,,,,1,,,1,,,1,,,,2,
SAL_JA0846AA_AS,1,1.6,,1,,,,1,1.6,,1,1.5,,,1,1.11,,1,1.8,1.8.1,3,,7,,7,,7,,5,,,31,1,1.6,,1,1.8,,,1,1.6,,1,1.7,,1,1.9,,,9,
SAL_JA0849AA_AS,1,,,1,,,,1,,,1,,,,1,,,1,,,,,,,2,,,,,,,,1,,,1,,,,1,,,1,,,1,,,,2,
SAL_JA0859AA_AS,1,,,1,,,,1,,,1,,,,1,,,1,1.6,,,,,,2,,,,,,12,,1,,,1,,,,1,,,1,,,1,,,,2,
SAL_JA0904AA_AS,1,,,1,,,,1,,,1,,,,1,,,1,,,,,,,,,,,,,6,,1,,,1,,,,1,,,1,,,1,,,,,
SAL_JA0991AA_AS,1,,,1,,,,1,,,1,,,,1,1.3,,1,1.5,,,,,,4,,,,,,9,,1,,,1,1.4,,,1,,,1,,,1,,,,,
SAL_JA1004AA_AS,1,,,1,,,,1,,,1,,,,1,,,1,,,,,,,,,,,,,1,,1,,,1,,,,1,,,1,,,1,,,,,
SAL_JA1022AA_AS,1,,,1,1.3,,,1,,,1,1.1,1.1.1,,1,1.1,,1,,,1,,1,1.1,3,,1,1.1,1,,2,,1,,,1,1.3,,,1,,,1,1.1,,1,1.1,,,3,
SAL_JA1025AA_AS,1,,,1,,,,1,,,1,,,,1,,,1,1.3,,,,,,,,,,,,,14,1,,,1,,,,1,,,1,,,1,,,,4,
SAL_JA1035AA_AS,1,,,1,,,,1,1.1,,1,,,,1,,,1,,,,,,,1,,,,,,7,,1,,,1,,,,1,1.1,,1,,,1,1.3,,,1,
SAL_JA1050AA_AS,1,1.1,,1,1.1,,,1,1.2,1.2.1,1,1.2,1.2.2,,1,1.2,,1,1.1,,4,,,,,,9,,7,,20,,1,1.1,,1,1.1,,,1,1.2,1.2.1,1,1.2,,1,1.2,1.2.2,,8,
SAL_JA1074AA_AS,1,,,1,,,,1,1.9,,1,,,,1,1.18,,1,1.16,,,,,,,,13,,,,28,,1,,,1,,,,1,1.9,,1,,,1,,,,15,
SAL_JA1091AA_AS,1,,,1,,,,1,,,1,,,,1,1.3,,1,1.5,,,,,,4,,,,,,9,,1,,,1,1.4,,,1,,,1,,,1,,,,,
SAL_JA1160AA_AS,1,,,1,,,,1,,,1,,,,1,,,1,1.3,,,,,,,,,,,,,14,1,,,1,,,,1,,,1,,,1,,,,4,
SAL_JA3989AA_AS,1,,,1,1.3,,,1,,,1,1.1,1.1.1,,1,1.1,,1,,,1,,1,1.1,3,,1,1.1,1,,2,,1,,,1,1.3,,,1,,,1,1.1,,1,1.1,,,3,
SAL_JA4008AA_AS,1,,,1,,,,1,,,1,,,,1,,,1,1.2,,,,,,,,,,2,,3,,1,,,1,,,,1,,,1,,,1,,,,,
SAL_JA4025AA_AS,1,1.3,,1,,,,1,1.3,,1,1.3,,,1,1.3,,1,1.5,,,,4,,4,,5,,,,9,,1,1.3,,1,1.4,,,1,1.3,,1,1.4,,1,1.7,,,6,
SAL_JA4045AA_AS,1,1.4,,1,,,,1,1.1,1.1.1,1,,,,1,1.7,,1,,,,,5,,1,1.4,,,,,4,,1,1.4,,1,,,,1,1.1,1.1.1,1,,,1,,,,1,1.1
SAL_JA4055AA_AS,1,,,1,,,,1,,,1,,,,1,,,1,1.3,,,,,,,,,,,,,,1,,,1,,,,1,,,1,,,1,,,,4,
SAL_JA4910AA_AS,1,,,1,,,,1,,,1,,,,1,,,1,1.3,,,,,,,,,,,,,,1,,,1,,,,1,,,1,,,1,,,,4,
SAL_JA7597AA_AS,1,,,1,,,,1,,,1,,,,1,,,1,,,,,,,2,,,,,,,,1,,,1,,,,1,,,1,,,1,,,,2,
SAL_JA7598AA_AS,1,,,1,,,,1,,,1,,,,1,,,1,1.6,,,,,,2,,,,,,12,,1,,,1,,,,1,,,1,,,1,,,,2,
SAL_JA7599AA_AS,1,,,1,,,,1,,,1,,,,1,,,1,,,,,,,2,,,,,,,,1,,,1,,,,1,,,1,,,1,,,,2,
SAL_JA7961AA_AS,1,,,1,1.12,,,1,,,1,,,,1,,,1,1.15,,10,,15,,,,,,,,,,1,,,1,1.12,,,1,,,1,,,1,,,,13,
SAL_JA7967AA_AS,1,,,1,,,,1,,,1,,,,1,,,1,,,,,,,,,,,,,,,1,,,1,,,,1,,,1,,,1,,,,,
SAL_LA3994AA_AS,1,,,1,,,,1,,,1,,,,1,,,1,,,,,,,,,,,,,,,1,,,1,,,,1,,,1,,,1,,,,,
SAL_LA4005AA_AS,1,,,1,,,,1,,,1,,,,1,,,1,1.3,,,,,,,,,,,,,14,1,,,1,,,,1,,,1,,,1,,,,4,
SAL_LA4006AA_AS,1,,,1,,,,1,,,1,,,,1,,,1,1.3,,,,,,,,,,,,,,1,,,1,,,,1,,,1,,,1,,,,4,
SAL_TA7455AA_AS,1,,,1,,,,1,,,1,,,,1,,,1,,,,,,,2,,,,,,,,1,,,1,,,,1,,,1,,,1,,,,2,
